1,2,3,7,5,7,8,9,10,12,10,15,13,13,16,15,16,14,15,20,21,26,30,28,36,44,49,51,50,58,71,81,89,90,99,99,102,104,123,134,146,158,169,177,185,189,200,215,209,210,206,222,225,220,217,215,212,198,194,199,188,179,166,156,147,136,124,116,116,105,102,93,86,83,82,81,83,78,73,66,61,58,56,51,44,46,41,39,35,33,29,28,27,28,28,23,20,18,17,15,12,13,14,11,11,10,10,8,8,8,7,6,4,3,2,1,0,,,,,,,,
1,2,1,2,3,4,5,10,16,20,24,24,30,30,32,31,34,38,41,53,57,63,73,85,96,108,118,138,150,175,178,185,203,203,220,227,238,234,239,234,243,235,230,236,232,219,210,210,204,196,191,183,171,164,156,142,139,137,127,122,121,114,109,99,97,92,93,88,84,83,80,70,68,64,60,53,49,44,45,45,40,34,32,29,30,27,26,24,22,21,17,18,16,14,13,13,13,12,10,9,8,6,5,6,5,4,3,2,1,0,,,,,,,,,,,,,,,
1,2,1,2,1,2,1,2,3,4,4,3,6,7,6,6,7,10,10,11,12,13,14,14,15,19,21,23,26,28,34,42,52,62,62,70,80,88,102,107,125,136,152,162,179,188,196,189,194,219,228,225,230,231,247,243,239,229,224,202,205,203,195,189,172,162,154,141,134,129,120,114,112,104,101,94,81,77,69,68,66,54,51,45,42,39,34,29,26,23,22,20,19,19,16,15,14,14,15,13,11,10,8,7,6,5,5,4,5,6,6,5,6,6,5,5,6,5,4,3,2,3,2,1,0
1,4,6,8,9,9,12,19,24,22,29,35,44,44,46,52,62,72,78,87,93,111,116,130,122,137,148,165,183,187,198,207,212,219,229,237,236,246,244,243,234,236,243,231,230,227,207,204,191,186,173,173,165,148,139,132,128,114,104,97,89,90,84,78,71,69,64,57,55,50,46,44,42,39,37,35,32,26,24,21,21,19,17,16,16,15,13,13,12,11,12,13,11,10,9,8,7,5,2,1,0,,,,,,,,,,,,,,,,,,,,,,,,
1,3,2,5,4,3,6,7,11,13,12,15,18,19,19,22,22,28,25,28,33,37,45,51,61,66,72,87,88,98,107,126,139,145,166,182,189,201,211,226,237,252,259,281,268,261,252,259,243,237,236,230,218,220,211,203,195,188,169,163,145,128,123,120,119,115,107,100,94,91,81,79,71,71,64,59,55,51,49,44,45,38,34,33,33,31,30,30,27,22,21,19,17,15,14,16,16,15,12,11,10,9,8,6,4,3,2,1,0,,,,,,,,,,,,,,,,
1,2,2,3,5,7,10,13,16,25,30,36,40,45,47,54,52,61,68,77,96,101,104,113,132,133,142,152,167,178,183,195,210,228,226,224,235,232,229,222,218,213,219,219,213,213,212,217,210,193,183,175,161,150,149,142,134,122,116,107,99,97,91,84,77,74,71,65,61,61,53,51,47,46,42,40,40,38,36,34,33,27,24,23,22,17,15,15,14,13,12,13,12,11,7,6,5,3,3,2,3,2,1,0,,,,,,,,,,,,,,,,,,,,,
1,2,2,5,4,9,11,12,13,15,18,24,26,28,40,47,52,56,64,65,68,76,83,93,105,110,132,134,154,167,178,189,206,231,240,242,245,257,277,271,267,265,258,249,240,227,218,215,214,205,204,191,174,161,157,144,133,130,125,116,106,102,92,84,74,70,72,68,66,66,55,53,49,41,39,34,32,28,29,27,28,28,29,27,27,25,25,20,18,15,13,12,10,8,7,6,7,7,7,8,7,5,4,3,2,1,2,1,2,1,0,,,,,,,,,,,,,,
1,3,4,5,6,6,8,9,10,13,15,16,28,29,36,39,38,51,58,66,73,80,91,100,111,116,133,146,163,167,169,184,196,209,224,218,222,222,208,198,193,190,184,185,177,175,167,172,177,179,174,174,171,167,152,142,133,122,113,106,102,95,97,92,86,82,78,70,64,60,54,50,49,48,44,43,43,43,44,43,43,41,40,39,35,36,36,30,30,26,24,24,24,25,25,21,20,20,23,21,20,17,17,16,15,15,13,15,13,13,12,13,12,8,7,8,5,4,3,2,1,0,,,
1,2,3,4,5,9,14,15,16,21,22,23,23,24,27,33,38,47,53,67,85,89,106,112,116,127,133,149,157,171,196,211,227,229,242,245,259,258,257,260,262,261,259,246,243,226,209,205,201,193,181,165,148,149,134,132,125,118,105,102,99,89,85,80,79,74,74,67,59,59,57,51,45,38,34,31,30,29,27,22,20,18,18,16,15,13,13,12,11,12,10,9,8,6,6,4,2,1,0,,,,,,,,,,,,,,,,,,,,,,,,,,
1,2,3,4,5,4,4,5,8,10,10,9,8,9,8,12,15,16,22,27,28,31,34,38,44,42,60,71,82,84,91,118,137,160,173,182,195,204,228,234,244,248,245,238,257,263,261,256,249,235,219,215,210,214,198,184,181,171,161,154,140,135,129,119,114,110,103,97,89,85,79,74,67,68,57,55,50,44,39,39,35,31,29,27,26,25,25,24,22,19,18,17,15,13,11,12,11,9,8,6,4,2,1,2,1,0,,,,,,,,,,,,,,,,,,,
1,2,3,4,4,5,4,3,3,6,8,9,10,11,10,11,13,16,23,26,29,32,28,34,38,43,58,61,76,92,109,117,116,124,143,163,178,192,197,211,224,227,237,235,239,235,244,251,260,255,245,236,222,214,204,199,190,185,182,173,173,167,154,150,140,126,112,112,106,104,98,89,86,76,67,58,52,48,46,45,41,39,36,34,29,26,23,22,21,20,17,18,17,17,16,12,10,9,8,7,6,7,6,4,3,4,2,1,2,1,2,1,0,,,,,,,,,,,,
1,2,3,5,9,12,14,15,15,16,22,31,33,36,43,51,53,59,59,64,74,85,90,106,106,107,120,130,143,156,187,193,213,226,239,233,238,251,243,248,239,240,227,240,234,231,211,206,202,199,192,183,170,152,136,125,113,107,102,93,76,70,68,69,64,60,56,51,48,44,40,36,35,33,33,28,29,28,25,23,22,20,18,14,15,12,10,9,6,5,3,2,1,0,,,,,,,,,,,,,,,,,,,,,,,,,,,,,,,
1,3,5,7,9,10,9,11,12,14,13,19,22,27,25,23,28,36,39,48,61,66,77,94,98,120,142,155,170,169,180,191,203,207,220,235,257,257,262,257,256,255,248,236,233,218,215,208,202,191,182,166,160,155,140,130,113,113,102,89,78,76,74,68,63,62,56,51,49,46,43,36,32,30,32,30,28,26,23,24,22,23,23,21,19,18,18,17,15,12,11,12,9,8,8,10,8,9,10,8,6,5,4,3,2,1,0,,,,,,,,,,,,,,,,,,
1,2,3,4,6,7,10,17,18,27,31,38,46,55,58,61,71,73,88,103,106,122,130,140,157,167,170,190,199,213,225,237,233,231,234,233,238,242,229,214,209,209,218,208,184,187,187,176,175,171,153,141,134,124,122,113,110,104,100,94,90,87,80,78,77,74,68,64,59,54,52,43,41,38,36,36,34,32,31,29,29,28,25,26,23,20,18,17,15,14,16,14,13,13,13,11,12,11,8,7,5,4,3,4,3,2,3,4,3,2,1,0,,,,,,,,,,,,,
1,3,5,4,5,9,11,14,20,24,23,27,25,27,37,45,46,50,62,69,80,92,103,116,118,129,149,157,165,171,183,196,207,200,212,224,229,234,227,232,223,210,204,207,205,201,184,175,166,161,148,132,123,111,95,90,85,83,79,72,69,63,58,53,48,43,41,37,35,31,28,24,24,22,22,20,19,19,16,15,16,14,12,11,10,9,8,7,6,5,4,3,2,1,2,1,0,,,,,,,,,,,,,,,,,,,,,,,,,,,,
1,2,3,6,8,11,11,12,16,18,20,19,25,30,35,40,44,47,51,64,70,80,88,97,116,133,140,147,169,180,192,202,222,232,223,229,231,228,235,219,203,205,202,197,195,194,186,175,165,164,156,163,154,149,137,123,112,110,100,93,86,81,74,70,66,60,58,55,51,46,48,42,41,42,37,41,38,32,30,28,28,26,26,23,20,19,14,12,11,10,10,9,8,7,6,4,3,2,1,2,1,0,,,,,,,,,,,,,,,,,,,,,,,
1,2,3,4,5,6,7,8,7,8,8,12,11,16,15,18,22,20,26,25,27,40,40,43,49,58,65,77,88,101,116,123,135,134,149,170,178,190,199,219,226,232,231,227,235,243,252,244,238,232,227,230,220,213,200,191,181,167,157,159,150,140,131,123,115,106,105,102,93,88,83,75,66,61,58,54,52,50,47,44,37,34,32,32,31,28,27,24,20,23,21,20,19,17,16,16,18,16,15,15,14,13,11,11,9,10,9,8,7,6,5,4,3,2,1,2,3,2,1,0,,,,,
1,2,1,2,3,4,5,6,9,11,12,13,15,18,29,30,33,36,44,50,52,57,69,76,92,104,107,124,133,148,165,181,194,200,222,223,233,251,252,253,249,245,235,238,233,230,231,218,207,200,189,176,164,161,162,155,145,133,125,116,107,99,95,88,80,77,68,67,64,62,55,48,42,41,38,36,32,32,33,31,28,26,23,21,20,18,19,18,17,17,15,12,8,7,6,5,6,6,5,4,3,1,0,,,,,,,,,,,,,,,,,,,,,,
1,2,3,4,6,5,6,4,8,11,13,15,15,14,17,19,23,22,29,40,42,49,54,56,64,74,84,92,103,112,112,124,137,140,141,163,173,184,190,191,181,205,202,205,222,224,224,232,229,230,225,222,210,199,194,181,165,159,145,135,130,117,108,102,90,84,79,74,68,63,54,51,46,46,39,36,34,33,31,30,32,36,33,29,28,25,23,21,22,23,19,18,16,18,14,12,11,10,8,6,5,4,5,4,3,4,2,1,2,1,0,,,,,,,,,,,,,,
1,2,3,2,1,2,3,2,3,4,4,3,2,1,6,8,9,8,9,8,11,12,16,11,13,14,17,17,20,20,20,26,26,26,30,32,43,54,68,81,93,100,108,128,139,146,149,168,185,199,212,216,216,220,222,219,221,221,218,213,202,199,202,200,193,186,188,174,168,157,145,141,138,134,126,122,117,103,94,92,86,82,77,71,60,58,59,54,50,49,44,41,42,38,36,33,33,31,29,29,25,24,22,19,18,16,13,11,10,10,9,9,7,6,4,5,4,5,6,4,2,1,2,1,0
1,2,3,6,7,9,8,10,12,14,13,14,12,16,22,29,37,42,49,68,79,92,96,106,119,133,146,157,175,202,215,223,222,228,229,235,253,257,266,264,263,255,243,237,225,219,205,202,205,196,190,179,165,163,152,139,133,126,116,109,105,96,94,90,82,76,69,63,62,57,50,44,37,35,29,26,25,23,21,16,14,13,12,10,9,8,10,8,7,8,5,4,3,2,2,3,3,4,3,2,3,4,2,1,0
1,2,2,5,7,11,15,16,17,17,16,16,15,17,26,35,50,53,58,62,76,84,84,99,112,121,124,144,158,179,189,202,207,215,217,218,219,227,239,236,245,241,254,254,247,239,219,202,190,180,175,161,151,155,147,137,128,125,113,104,99,92,90,86,83,77,66,59,56,56,58,56,55,49,46,46,44,41,36,33,29,26,26,26,24,20,19,17,16,14,13,13,12,9,9,8,8,6,5,4,6,6,6,4,3,2,1,0
1,2,3,5,6,6,10,13,15,14,17,17,22,27,27,36,44,53,65,70,78,103,109,124,138,147,157,169,177,182,192,199,199,199,209,217,219,215,220,211,201,199,201,198,188,188,177,176,174,170,165,163,156,152,144,142,140,139,128,114,107,100,97,92,91,81,74,70,67,62,56,58,59,55,49,46,39,34,30,29,28,27,24,23,23,20,19,20,18,16,15,14,13,12,11,11,9,7,7,6,7,7,6,5,6,6,7,5,4,2,1,2,1,0
1,2,4,7,11,13,14,19,19,16,19,21,20,24,29,41,47,54,66,81,93,107,114,120,129,164,178,189,200,208,220,223,241,250,246,245,248,257,258,243,243,243,234,221,224,219,208,197,189,179,172,167,152,147,140,131,119,107,101,90,86,75,73,69,64,59,57,54,52,47,41,38,36,33,29,27,26,25,22,24,24,24,24,22,23,19,18,17,15,13,14,14,12,10,8,7,8,7,6,6,5,4,3,2,3,2,1,0
1,2,3,3,4,3,5,4,2,3,4,6,10,9,10,8,10,10,17,16,16,17,20,30,35,38,48,56,62,80,91,108,127,140,170,183,184,199,214,228,237,246,264,258,260,252,258,250,248,243,244,241,231,212,206,194,178,177,161,157,150,141,135,128,124,120,112,101,96,89,79,75,75,73,67,61,54,51,47,42,37,34,21,22,17,13,8,7,6,5,6,5,4,2,0
1,2,3,4,5,6,7,6,5,8,8,9,8,9,11,12,15,16,20,22,23,28,35,36,46,53,70,82,89,100,116,132,148,165,175,188,207,216,221,226,230,244,251,251,267,263,250,249,230,215,212,215,206,197,185,183,182,171,167,155,149,139,133,128,125,115,110,102,90,91,78,74,70,60,51,47,43,38,34,32,30,28,26,23,22,19,16,13,14,13,11,10,10,9,7,5,4,3,4,3,2,1,2,3,2,1,0
1,5,6,7,7,10,12,12,15,18,15,19,19,19,24,28,35,33,38,39,51,66,71,81,90,104,108,112,122,134,149,162,178,188,189,193,210,220,214,232,242,231,238,232,235,233,239,223,215,210,212,205,198,187,178,177,165,148,143,130,121,116,109,98,95,93,86,82,73,66,57,55,52,50,44,40,33,33,31,30,25,26,25,25,18,16,14,15,13,10,9,8,6,5,4,2,1,0
1,2,4,5,4,5,4,5,4,6,7,9,10,9,8,11,11,11,14,15,21,22,23,22,26,27,35,41,45,52,68,72,80,101,113,121,133,148,156,170,179,189,201,203,205,204,203,211,203,205,208,202,214,219,209,206,203,205,203,193,184,187,184,178,165,162,146,147,129,120,118,110,99,94,89,82,74,64,54,52,51,43,45,41,42,40,39,34,30,26,24,20,18,19,18,16,15,14,14,13,12,10,11,10,9,7,7,6,5,4,2,3,1,2,1,2,1,0
1,1,2,4,2,2,3,4,5,5,6,8,8,10,10,14,18,24,26,27,29,34,38,41,44,49,52,61,66,66,76,91,103,116,121,133,148,163,174,189,195,208,205,201,199,204,214,224,215,219,222,209,215,208,204,205,197,192,190,177,165,149,136,136,138,136,124,112,104,95,91,84,85,85,84,79,71,66,63,58,55,49,45,44,44,43,36,33,30,25,23,22,18,17,16,16,14,12,12,11,10,9,8,9,10,9,6,7,6,3,2,1,0
1,2,5,5,7,9,9,13,16,18,17,27,29,35,33,35,44,47,50,65,74,87,95,113,134,140,155,165,166,183,196,211,218,233,229,237,238,251,257,258,254,247,248,245,243,245,231,212,196,188,183,166,151,142,132,123,122,119,109,98,94,84,71,64,54,50,45,46,42,39,34,33,32,30,29,26,24,20,18,16,13,9,8,9,8,9,9,7,6,5,6,5,4,3,2,3,1,0
1,2,1,3,4,4,4,4,6,6,7,9,10,15,22,24,30,37,53,68,72,70,89,89,108,113,123,133,142,149,164,175,192,209,220,220,226,233,230,213,224,226,218,210,215,219,223,215,210,202,186,176,167,155,142,136,131,123,111,107,100,98,86,82,78,78,77,70,67,61,56,53,50,44,40,39,37,37,35,33,29,28,25,23,24,22,19,20,20,20,18,15,14,11,11,9,7,6,5,4,5,4,3,4,5,4,3,4,3,1,2,3,2,1,0
1,2,3,5,3,6,9,13,14,16,18,22,28,30,35,41,45,58,67,79,85,103,123,129,152,157,183,201,212,219,238,250,249,263,253,254,259,259,256,257,261,237,225,219,214,199,184,171,155,149,144,131,116,113,108,108,98,89,85,78,72,62,59,53,48,41,36,32,28,27,28,24,24,20,18,17,15,14,12,12,9,7,6,8,7,5,5,5,6,7,5,4,3,2,1,1,2,0
1,2,2,4,6,10,9,9,13,15,20,20,20,21,29,28,37,45,44,50,51,58,62,72,86,92,97,110,116,121,137,155,168,186,203,213,225,239,241,242,251,250,252,246,253,246,243,235,224,229,232,225,231,224,219,205,191,179,164,150,138,123,114,106,100,97,96,89,83,80,74,66,60,56,53,49,38,37,39,35,30,28,25,23,20,17,16,15,12,11,10,11,9,6,5,6,5,3,2,1,0
1,2,5,6,7,7,9,8,10,10,11,12,15,20,25,30,32,35,40,39,47,50,57,57,56,69,74,74,81,92,109,112,127,146,149,159,175,189,190,202,208,216,219,226,224,227,232,236,236,232,230,216,207,207,196,188,190,187,183,167,157,148,137,131,124,114,108,102,99,90,82,74,68,65,59,59,57,53,48,47,45,41,39,37,34,32,32,32,34,35,31,28,27,29,25,24,24,23,22,18,13,13,11,9,8,7,5,4,2,1,2,1,0
1,2,3,4,6,5,3,4,4,4,6,7,7,8,10,12,12,11,11,11,11,11,12,17,25,19,19,19,26,32,38,42,53,56,62,66,78,88,96,98,108,114,130,138,148,159,149,163,177,183,187,197,209,201,194,196,193,191,180,183,176,172,172,167,164,149,144,147,134,124,119,111,104,101,96,96,93,91,87,83,79,79,79,74,72,69,65,60,60,58,54,52,50,48,44,37,33,32,30,31,29,24,19,19,16,15,14,14,14,13,12,13,13,11,10,7,4,2,1,2,2,1,0
1,4,3,5,6,7,9,13,15,15,16,16,18,19,24,32,30,35,41,44,61,75,83,89,111,113,124,133,135,146,158,154,163,169,162,171,175,180,191,196,193,194,204,208,215,206,217,203,199,193,187,185,179,171,163,157,150,142,137,136,136,127,120,113,104,100,92,83,76,72,64,62,59,51,47,43,45,42,38,35,35,33,30,28,25,25,24,21,19,17,18,16,13,12,10,8,7,8,7,5,4,3,3,2,3,2,2,1,0
1,2,1,3,3,6,7,10,16,20,27,28,34,37,44,54,70,89,93,108,126,150,160,174,192,208,219,229,248,251,264,265,267,271,268,252,246,225,214,216,208,192,178,169,165,156,146,142,127,123,116,115,112,112,111,109,98,96,86,84,76,73,69,62,56,49,45,43,40,38,33,29,27,26,23,18,16,15,12,9,8,7,6,7,4,5,3,2,0
1,1,3,3,5,4,5,4,4,5,6,7,5,7,8,9,11,12,18,19,23,27,26,30,34,35,35,36,40,41,45,50,58,67,76,86,91,91,107,109,126,143,151,158,170,183,199,201,197,214,229,232,238,242,248,239,245,242,230,212,216,212,203,193,191,182,173,166,157,150,141,127,117,117,107,102,96,92,87,82,77,74,72,66,60,58,53,50,47,40,37,34,32,33,32,31,29,24,23,20,20,18,16,14,12,11,10,9,6,5,3,2,1,0
1,2,3,2,5,4,5,8,10,11,16,19,21,26,34,39,48,55,64,71,85,96,99,110,142,168,188,199,207,216,226,246,254,256,263,269,259,262,258,256,257,241,239,234,234,228,216,203,187,181,170,155,149,135,126,115,107,99,93,90,76,69,60,54,51,47,43,37,38,34,31,30,26,26,24,22,18,18,16,13,12,11,11,9,10,8,7,6,7,6,3,2,3,2,1,0
1,2,4,4,6,5,3,2,3,6,7,8,10,14,15,18,17,18,22,23,31,43,52,63,68,72,78,87,100,105,125,130,144,161,177,183,197,204,209,232,226,231,235,240,248,236,241,238,229,231,223,201,201,193,185,179,164,160,149,139,133,122,115,103,99,89,83,76,73,74,72,72,61,58,47,45,40,33,27,25,23,22,21,20,16,15,13,14,13,12,11,9,10,9,8,6,5,6,6,7,8,7,6,5,3,2,1,0
1,2,4,3,2,1,3,4,5,8,11,14,14,15,20,23,26,31,41,40,51,62,68,75,79,93,109,118,127,143,162,175,191,209,226,231,237,241,249,253,249,245,242,236,227,218,212,198,196,190,190,161,162,158,157,150,149,140,131,125,120,111,98,93,87,82,71,71,70,68,61,51,49,48,42,42,39,34,32,30,28,28,26,24,21,17,15,12,10,11,10,10,9,8,9,7,7,8,7,6,5,6,5,4,5,4,5,4,2,1,0
1,2,3,5,5,6,7,7,7,9,11,16,16,15,16,16,20,22,26,30,32,36,46,50,54,62,70,77,88,94,107,117,134,150,161,162,177,196,203,221,240,239,244,241,252,251,252,262,260,243,231,221,219,202,198,185,178,165,153,146,141,139,131,125,119,113,107,101,90,86,80,75,74,72,70,59,54,47,41,36,34,32,29,28,28,27,24,20,17,14,12,11,9,8,6,8,6,5,4,3,2,1,0
1,2,2,2,1,2,1,3,3,6,5,2,4,5,4,5,6,8,9,14,14,14,15,16,19,17,22,25,31,37,43,47,48,60,65,72,68,72,86,94,99,110,123,148,166,191,198,201,207,219,238,225,222,217,217,216,218,205,194,187,179,174,177,180,179,171,164,169,175,170,169,157,153,141,133,126,117,111,107,101,98,95,91,83,83,77,75,71,67,58,52,51,48,46,42,36,37,33,30,31,32,32,28,28,25,23,21,19,17,16,16,14,11,12,12,12,12,11,11,9,8,7,6,5,4,3,2,1,0
1,2,2,2,3,5,6,5,4,3,3,4,3,4,5,5,6,6,8,12,13,12,14,15,14,17,17,17,18,21,21,25,27,24,26,31,30,33,42,45,48,55,59,66,72,76,86,99,116,121,135,157,177,197,214,229,232,238,241,240,238,238,231,230,230,222,213,211,207,194,192,189,173,165,165,158,152,137,125,118,111,103,95,93,89,86,80,77,74,66,62,53,48,45,45,42,40,38,34,34,32,30,26,22,21,20,18,17,17,14,13,13,11,10,7,6,7,6,5,3,2,1,0
1,2,3,5,5,6,6,9,12,12,14,11,10,12,14,20,20,22,26,30,36,39,46,59,68,84,98,113,133,143,160,178,190,203,214,224,230,239,242,247,249,241,249,265,264,251,245,231,227,222,220,213,201,187,178,163,152,146,141,130,120,111,108,99,87,79,76,69,71,64,62,58,57,51,50,44,42,41,37,36,29,25,25,21,18,17,16,15,14,13,12,10,8,7,6,3,4,2,1,0
1,2,3,2,2,3,2,1,2,2,4,5,6,7,8,8,11,12,15,18,17,24,29,33,40,43,45,51,61,69,72,80,81,95,99,104,116,125,145,155,172,183,192,205,212,220,224,231,223,232,238,237,234,237,216,208,198,192,178,182,183,174,177,171,161,155,146,136,125,118,108,104,92,83,80,72,67,62,60,62,56,56,51,49,45,40,37,33,32,28,26,24,23,22,17,16,15,13,10,8,5,4,3,2,1,0
1,2,3,4,5,6,5,6,9,11,12,14,18,21,22,28,30,33,35,39,44,47,52,60,72,81,91,93,102,105,112,119,131,132,146,153,167,185,199,210,229,239,248,243,246,240,232,235,236,232,236,219,208,199,191,191,192,181,171,152,140,130,122,116,108,97,94,82,76,70,65,62,57,51,47,42,35,27,24,22,19,18,16,16,16,13,10,10,8,6,5,4,2,3,2,1,0
1,2,1,2,2,3,4,8,7,8,14,11,11,14,15,17,23,34,38,41,47,52,60,70,72,78,83,99,112,120,140,153,163,167,170,164,168,182,194,195,201,204,205,201,198,190,191,191,201,197,187,181,177,171,158,145,140,133,121,113,110,106,95,88,77,77,68,68,63,59,57,52,47,47,42,41,40,36,36,35,35,34,33,32,30,25,25,26,25,21,20,15,12,13,12,9,6,7,8,7,6,5,4,3,4,3,4,3,2,1,0
1,2,3,3,5,7,8,11,17,20,29,30,31,34,41,54,58,70,72,90,100,104,115,130,144,165,178,189,210,220,241,252,268,281,286,290,298,292,288,277,276,262,259,248,244,231,213,191,192,183,176,167,163,152,144,134,119,111,105,97,92,89,84,79,76,68,62,62,57,52,51,44,40,36,38,34,33,32,30,30,25,24,23,20,16,14,13,10,8,7,6,4,3,2,3,2,1,2,3,3,4,3,2,1,1,0
1,2,1,2,3,4,4,5,6,7,8,8,9,13,15,13,13,15,14,19,20,22,25,27,31,36,40,43,47,53,60,69,79,93,96,116,123,146,157,158,176,184,199,207,210,223,206,211,210,215,209,205,208,211,208,203,197,188,183,184,183,173,172,161,154,148,144,135,126,117,107,100,89,88,84,76,69,64,63,57,56,51,47,47,42,40,36,33,31,30,26,25,24,23,21,19,19,19,17,19,15,14,13,12,11,10,10,8,7,8,6,5,4,2,3,2,1,0
1,3,5,4,5,8,10,11,18,24,24,29,34,35,39,46,52,57,63,74,87,101,119,137,150,164,171,183,195,204,218,229,235,257,261,268,266,276,272,266,268,257,253,241,229,220,216,206,187,181,171,163,156,150,137,131,123,108,104,100,93,84,75,66,61,56,51,45,42,35,32,29,27,26,22,19,16,13,13,12,8,10,10,11,6,4,3,1,0
1,2,1,3,5,6,8,12,12,14,17,19,25,30,36,45,50,54,61,68,83,88,100,113,122,127,135,132,131,141,150,154,164,170,167,170,176,180,186,178,179,165,169,168,162,158,153,142,139,142,140,138,135,131,127,124,121,120,113,106,96,94,85,81,82,86,83,72,72,70,74,71,66,59,53,47,45,46,45,45,40,35,35,33,29,29,27,26,28,26,23,18,17,16,18,14,13,11,9,8,6,6,5,6,5,6,5,4,3,2,1,0
1,2,4,5,4,2,3,2,5,6,9,10,11,13,15,19,23,27,32,36,40,45,49,57,71,82,99,110,133,134,144,159,165,171,174,177,190,198,198,205,202,210,220,221,212,214,203,211,217,220,208,201,186,177,172,171,165,164,158,145,142,140,131,123,112,104,97,92,89,86,84,79,72,70,64,61,60,59,52,43,39,34,27,26,25,22,21,18,19,14,13,12,11,10,10,8,8,6,6,6,5,4,4,3,2,1,0
1,3,5,7,5,6,7,8,9,13,14,20,26,30,41,48,47,51,58,69,72,80,79,89,97,112,122,135,147,154,170,195,200,202,210,232,238,237,229,237,224,223,231,221,218,220,215,213,207,202,198,192,188,176,167,164,158,145,144,137,134,125,115,106,98,92,85,79,72,66,61,55,52,49,47,45,40,38,36,34,32,31,26,22,19,18,17,15,13,14,13,12,10,7,6,5,7,6,5,6,5,4,5,3,2,3,2,1,0
1,2,1,2,3,6,9,7,9,11,12,13,15,18,20,18,22,25,27,29,30,36,38,45,46,58,61,71,88,107,122,141,159,160,175,193,215,226,236,248,251,257,262,264,272,267,269,269,278,275,264,250,249,236,225,219,204,203,189,177,167,154,137,132,130,120,110,105,94,97,89,80,72,69,65,62,62,62,60,57,55,53,50,46,36,32,30,28,27,25,24,24,23,21,20,18,19,18,15,14,12,10,9,7,6,4,2,1,0
1,2,3,3,4,6,7,6,8,8,10,9,12,13,14,15,19,21,24,30,37,39,45,48,44,50,47,55,62,72,74,85,92,94,109,119,129,138,145,161,173,179,187,201,201,207,197,222,225,219,216,213,211,203,201,195,187,184,176,172,152,146,140,138,122,116,115,110,104,102,96,90,88,76,74,68,67,65,67,63,56,52,51,43,39,35,35,31,30,25,21,19,17,15,10,9,8,7,8,6,5,4,3,2,1,2,3,4,2,1,0
1,4,3,4,5,6,9,10,8,9,6,9,9,11,12,12,16,17,17,20,22,25,30,31,36,39,43,50,60,63,76,85,90,94,103,117,120,125,139,150,162,174,188,187,186,186,195,206,202,204,208,207,211,207,202,198,193,187,190,181,183,180,173,177,167,158,146,135,127,120,113,112,110,100,95,87,81,76,69,63,61,57,49,46,47,45,41,39,37,36,35,30,27,27,26,24,21,21,18,14,14,15,12,11,10,9,9,8,9,8,7,6,4,3,2,1,0
1,2,4,5,8,10,15,15,19,23,31,35,41,46,45,49,56,60,63,70,75,83,87,96,99,102,115,123,139,148,164,176,188,207,210,216,220,226,234,239,240,246,244,239,238,235,240,228,214,205,196,192,180,173,162,156,140,137,129,121,122,118,110,108,105,98,92,90,92,84,80,72,66,66,61,58,55,54,52,46,45,42,40,38,37,37,35,33,31,25,22,21,20,18,16,15,16,14,13,12,10,7,8,7,6,5,4,3,2,1,0
1,2,3,2,5,7,8,7,8,9,7,6,7,7,9,9,11,12,16,18,15,18,19,20,24,26,26,32,38,38,39,51,61,66,78,80,97,125,126,133,138,159,172,186,205,221,222,225,231,231,237,235,235,222,219,211,209,198,189,185,180,169,167,167,157,153,151,142,128,119,109,96,96,98,95,93,95,88,83,75,69,67,57,47,44,43,44,42,39,34,30,27,25,24,22,22,19,17,16,17,16,12,10,9,6,5,3,4,3,4,6,7,3,2,1,2,1,2,1,0
1,2,3,2,2,3,4,5,2,1,2,1,2,2,3,4,6,5,8,7,9,12,15,14,16,17,19,25,26,28,34,38,34,38,44,52,60,75,91,103,115,131,138,154,152,161,165,176,187,213,224,223,226,231,230,239,239,227,215,206,201,192,180,174,172,167,159,156,146,131,125,118,106,98,87,86,80,71,66,59,57,57,57,59,55,56,58,58,51,46,44,42,37,34,33,32,29,25,24,22,21,19,18,14,12,11,12,11,10,10,9,8,6,5,4,3,2,1,2,3,4,3,2,4,3,3,2,3,2,3,2,1,0
1,3,4,4,3,5,10,14,15,17,18,21,22,22,31,34,30,36,41,43,52,63,68,81,90,106,119,130,143,162,184,194,209,233,239,238,238,250,255,261,263,256,240,235,233,211,213,195,196,187,179,171,163,158,145,136,126,122,114,109,106,94,87,84,79,73,66,60,56,54,49,52,51,46,45,44,40,43,38,36,36,27,24,21,19,21,22,21,19,20,20,18,14,15,16,14,15,11,9,10,6,5,4,2,1,0
1,2,4,7,8,8,7,6,8,15,15,17,20,23,27,30,32,39,41,47,50,59,73,85,92,98,118,122,126,132,140,154,165,173,175,197,200,202,197,196,210,218,222,218,212,203,197,209,203,199,182,176,165,161,154,158,150,148,146,138,132,132,135,128,127,124,110,103,97,90,84,75,71,65,59,54,54,52,50,46,44,43,40,39,35,32,34,31,32,28,27,22,20,19,18,15,14,13,13,13,12,11,10,9,8,7,6,5,4,3,2,3,2,3,2,0
1,2,1,2,1,2,3,2,3,5,4,5,6,9,11,17,19,23,27,32,40,48,49,58,70,77,83,100,114,126,140,151,173,178,187,202,224,241,254,271,277,282,270,264,246,238,234,238,229,218,203,194,178,178,165,151,145,141,134,123,120,110,100,97,88,86,81,77,75,68,65,59,52,47,43,39,34,26,27,26,22,20,19,19,17,13,12,11,9,6,5,6,6,7,6,4,3,2,1,2,3,2,1,1,2,1,0
1,3,2,1,3,4,6,4,8,10,9,7,7,8,10,8,9,10,11,13,14,19,27,30,34,41,44,55,69,73,78,87,93,101,104,120,135,144,152,179,194,209,217,237,237,244,248,255,264,257,258,245,243,225,228,218,209,202,192,191,180,166,156,153,148,147,136,126,115,106,96,87,81,78,69,64,57,49,47,40,34,35,34,31,28,28,26,21,21,20,16,16,16,13,12,11,10,9,9,10,9,8,9,8,7,6,5,6,7,6,5,6,5,4,3,2,0
1,3,4,5,3,5,6,7,7,8,9,10,14,15,15,14,14,14,15,14,17,17,21,22,28,38,54,65,72,78,85,101,105,108,118,138,151,159,177,188,196,206,223,239,244,254,260,267,252,249,246,245,243,231,222,219,219,214,207,199,189,175,164,163,150,140,127,122,123,112,103,97,89,88,82,82,75,70,60,57,48,42,38,33,31,30,27,26,24,23,21,15,14,15,14,13,13,14,13,13,12,11,11,9,10,8,5,5,7,7,5,4,3,2,0
1,2,3,2,3,4,5,8,6,6,6,8,9,10,10,9,7,8,10,10,13,13,16,19,17,22,26,31,36,40,50,50,60,70,76,78,81,92,100,111,127,131,144,150,164,173,191,193,206,211,232,228,226,234,226,221,224,234,229,223,224,213,199,197,183,176,166,153,142,144,131,121,112,106,99,94,90,88,84,86,81,80,76,72,67,64,57,52,49,43,43,37,33,34,31,29,24,22,21,18,17,18,16,13,11,10,9,10,9,8,6,5,4,3,2,1,2,1,0
1,2,4,3,2,2,3,2,3,4,5,4,4,5,8,12,17,18,18,20,27,36,39,43,48,56,68,89,113,125,140,142,156,171,177,186,204,220,227,239,253,249,263,267,272,267,257,249,244,229,220,215,201,188,184,179,172,163,152,143,140,124,116,110,104,98,92,88,82,75,68,59,56,52,48,42,40,40,38,36,31,30,25,26,25,24,20,18,16,17,15,14,13,13,12,12,9,10,11,8,7,7,6,5,4,3,3,4,3,2,1,0
1,2,5,6,5,5,6,8,12,14,15,19,20,26,24,28,33,35,41,44,52,60,75,83,96,108,113,126,139,160,177,194,207,233,244,265,263,284,281,298,301,287,275,269,261,243,231,215,205,195,182,176,172,163,153,144,135,136,133,121,116,109,98,91,82,78,79,74,69,68,63,61,61,58,56,57,53,45,44,39,36,34,34,36,35,32,33,30,28,29,28,26,25,23,23,22,22,19,20,18,16,14,11,13,11,10,9,8,7,6,7,8,7,6,5,4,3,2,1,0
1,2,3,4,5,4,4,5,9,14,18,24,23,21,24,23,30,32,36,42,43,38,39,36,40,46,50,56,65,79,80,85,96,107,114,113,127,137,139,137,146,155,168,179,176,170,190,194,203,211,214,217,223,219,202,187,183,176,171,166,164,160,156,157,156,145,132,124,119,123,111,101,95,94,93,87,83,78,69,64,63,61,59,54,52,51,49,45,40,36,32,29,28,23,23,20,22,21,20,19,16,15,14,12,11,8,7,4,5,4,5,4,3,4,3,1,3,2,1,0
1,2,3,4,6,6,6,5,6,5,5,7,9,12,14,13,15,15,18,26,30,30,38,55,57,79,88,90,98,117,131,135,147,165,183,197,205,208,223,223,236,235,236,244,239,240,242,238,229,216,199,203,194,190,188,181,169,166,158,131,124,115,107,102,95,93,85,80,74,68,61,55,51,51,45,39,39,35,33,31,31,29,29,25,23,21,18,20,17,15,14,13,12,10,10,11,10,9,10,7,7,4,2,1,0
1,3,3,4,4,6,5,4,5,6,7,8,6,7,7,11,12,12,16,16,17,21,21,28,28,29,36,48,56,63,78,92,103,107,113,125,147,156,167,186,207,222,228,227,225,223,233,237,243,239,243,218,222,216,211,202,195,177,177,169,171,155,147,136,124,114,107,100,97,85,85,85,82,75,72,66,64,61,54,51,47,45,42,42,40,36,33,32,29,29,28,25,21,19,14,13,12,11,12,11,11,11,9,9,8,5,3,2,1,0
1,3,6,7,8,12,20,25,28,33,37,39,43,41,45,55,62,73,86,92,99,112,126,133,142,153,161,174,190,206,215,233,236,235,233,244,243,244,246,221,216,194,188,182,173,180,172,166,169,160,155,153,144,133,125,117,111,105,106,95,89,85,79,80,70,65,62,58,53,51,47,42,37,35,34,33,30,26,22,17,16,17,16,14,12,11,10,9,8,8,7,6,4,3,2,1,0
1,2,4,3,4,4,3,7,7,8,10,11,13,13,15,17,28,31,39,45,52,58,69,75,81,81,93,104,118,119,134,143,148,155,175,183,197,192,191,194,197,199,213,215,216,214,208,196,194,180,173,174,168,168,160,153,150,137,133,129,122,115,114,116,110,102,95,93,92,85,79,74,72,66,65,59,53,53,52,45,42,36,36,31,27,26,24,23,22,19,19,18,18,16,12,10,9,8,9,8,7,6,5,3,2,3,4,2,1,2,1,2,1,0
1,2,1,2,3,4,1,2,3,3,4,5,7,5,6,8,9,11,15,13,17,24,27,26,30,33,40,39,47,53,59,71,80,94,97,115,127,152,164,173,197,195,216,229,234,252,254,272,272,259,250,242,246,224,222,211,198,187,173,160,154,145,144,134,129,122,123,120,111,111,94,88,82,78,75,66,65,58,53,50,48,44,44,40,38,36,32,27,24,23,22,17,15,17,14,12,10,9,9,9,8,7,5,4,3,1,0
1,3,2,2,3,4,4,6,8,11,15,16,19,21,29,31,32,35,46,60,72,90,94,114,130,136,151,176,189,205,217,238,237,251,262,267,262,249,248,251,244,247,251,244,240,242,230,216,217,202,195,186,180,174,163,152,139,133,122,115,108,97,90,85,81,75,72,61,52,48,48,44,41,38,36,34,35,31,25,22,21,22,19,18,15,14,12,9,8,5,4,3,2,1,0
1,2,5,3,3,5,6,10,12,11,11,10,9,9,8,10,11,10,14,14,15,17,20,22,25,27,31,37,41,49,54,60,66,68,85,90,96,108,132,150,165,171,196,210,217,203,217,220,233,230,242,232,237,239,224,221,213,205,196,196,194,194,195,186,173,165,154,147,133,123,117,105,102,99,89,82,80,77,75,75,74,75,74,72,69,62,58,57,56,50,49,47,45,41,40,38,35,30,25,26,24,21,20,16,16,14,9,8,7,6,7,6,4,3,2,0
1,2,4,5,6,5,6,5,4,4,5,8,10,13,16,18,24,27,28,31,41,55,71,74,90,98,110,131,152,171,192,196,201,201,214,217,233,249,260,272,278,281,274,274,263,257,254,245,238,229,216,200,188,175,172,160,146,133,127,121,113,111,102,93,84,78,77,73,69,66,61,58,49,44,41,36,34,31,30,30,26,24,22,20,19,16,15,13,11,10,9,10,6,3,2,3,3,2,1,0
1,2,2,1,3,4,4,5,4,4,2,3,2,1,2,3,5,6,5,7,6,9,7,9,12,13,12,14,16,18,23,27,30,40,48,51,54,69,83,94,107,117,127,149,166,178,189,210,219,235,241,244,242,244,247,245,263,250,245,253,241,235,233,218,198,195,181,182,178,163,148,140,128,127,118,106,102,95,95,87,88,82,71,73,70,65,54,55,51,44,42,43,39,37,33,30,24,20,16,15,14,12,10,9,10,8,5,4,3,2,1,0
1,2,3,2,1,2,3,2,2,4,5,7,8,10,14,16,21,25,25,29,37,44,58,64,74,84,109,132,142,144,156,166,181,190,205,223,243,245,234,250,260,252,254,251,238,239,238,228,217,205,201,184,171,160,149,137,133,129,123,118,117,109,99,91,85,82,79,77,73,72,63,56,53,48,44,38,34,33,32,32,30,27,27,25,21,21,20,20,19,18,17,17,15,13,10,8,7,6,6,5,5,6,5,4,3,3,2,1,0
1,2,1,2,1,2,3,4,6,8,8,9,11,11,15,15,17,22,21,25,31,37,38,39,47,56,57,59,68,75,80,88,93,96,114,119,137,146,156,154,161,169,175,189,193,198,198,202,207,205,202,208,200,193,182,172,176,168,159,148,140,141,134,128,125,110,108,105,106,100,93,96,92,84,77,78,79,75,72,68,66,61,61,54,52,51,51,53,49,46,47,42,36,33,33,33,31,28,25,25,23,22,19,17,14,12,11,9,9,8,10,9,8,7,8,7,6,4,3,2,3,2,1,0
1,2,7,9,11,12,13,16,19,25,28,32,33,41,49,57,59,66,73,79,93,108,119,124,140,150,161,168,193,212,211,220,217,234,239,239,238,233,217,216,212,210,194,193,180,184,182,173,171,162,164,157,140,145,137,129,119,118,116,106,104,96,88,83,75,69,60,54,53,52,48,45,40,37,37,34,31,29,24,23,23,22,20,18,18,16,15,13,12,11,10,9,8,5,4,4,3,2,1,0
1,3,4,7,7,8,7,8,12,18,23,32,48,52,62,66,68,70,70,81,90,98,110,128,133,144,145,157,175,202,225,223,231,220,219,212,219,219,211,203,198,187,190,183,176,173,172,167,168,163,157,151,145,139,125,114,108,102,95,92,90,89,88,84,83,74,67,64,55,48,48,44,40,35,34,31,31,29,26,27,26,25,24,21,19,16,15,12,10,9,7,5,4,3,2,1,0
1,2,3,4,3,6,9,12,11,13,16,16,19,22,26,27,33,40,46,57,67,79,79,79,82,85,90,103,122,120,134,145,150,163,168,178,179,191,189,200,201,203,210,217,216,230,224,221,210,210,209,204,201,198,192,193,183,178,173,163,154,152,150,136,136,126,118,113,104,97,89,86,78,68,60,60,55,48,48,43,39,38,36,36,36,34,33,31,29,28,24,20,21,20,19,17,15,15,15,14,15,14,13,12,11,9,8,9,7,6,4,3,2,1,2,1,0
1,2,3,5,4,7,6,7,7,9,12,14,19,25,27,30,31,38,48,53,52,57,61,61,56,69,78,84,94,110,122,132,144,154,176,196,220,222,227,239,231,243,248,248,255,255,246,247,246,240,227,227,224,215,204,193,189,187,170,156,152,136,125,114,101,99,89,84,77,67,66,62,58,56,57,52,50,45,45,43,38,38,36,33,29,27,20,21,20,18,15,15,14,14,14,13,11,10,9,8,7,6,5,4,4,5,4,3,2,1,0
1,2,3,3,4,5,6,6,9,11,19,20,27,30,40,47,54,55,60,61,62,66,65,69,76,81,85,89,103,105,119,126,141,151,157,162,176,183,201,195,201,216,214,220,216,205,203,200,201,194,193,190,183,183,177,162,153,143,141,138,131,124,118,107,97,96,90,85,79,72,65,63,59,51,43,40,40,37,36,34,31,29,31,28,27,29,26,27,26,23,19,17,15,11,12,11,10,8,7,6,5,4,3,2,1,0
1,2,3,4,3,4,3,2,5,3,4,5,6,8,11,11,14,17,19,22,19,23,25,31,37,45,54,59,58,62,68,80,91,100,121,135,148,149,156,158,166,175,184,187,204,208,203,213,213,213,222,218,215,211,204,208,208,212,200,197,191,187,186,179,175,166,162,154,136,117,111,100,91,88,79,77,68,66,68,63,57,50,47,42,36,30,29,29,23,19,16,14,12,10,9,10,9,8,7,6,4,3,2,1,0
1,3,5,6,8,12,13,15,19,22,29,31,35,44,58,61,71,77,93,110,131,147,166,170,185,190,201,215,223,240,248,250,247,244,243,237,235,239,227,210,196,185,182,170,155,157,150,141,135,130,115,111,104,106,102,96,87,88,80,72,73,66,59,62,56,52,55,57,54,50,47,45,38,35,30,29,27,22,21,20,19,18,17,16,14,14,12,10,9,8,8,7,6,5,4,2,1,0
1,2,4,3,6,8,7,6,9,12,13,15,18,24,26,30,36,41,41,44,50,57,56,65,72,85,93,103,123,148,167,184,201,201,217,217,221,234,238,238,236,229,235,233,222,222,222,210,212,214,206,202,198,189,176,166,151,147,139,137,123,110,102,94,86,88,82,75,73,67,63,59,50,48,45,41,38,36,36,34,35,33,30,27,25,21,20,19,17,15,14,13,12,10,12,12,11,10,9,7,5,6,6,5,4,2,1,0
1,2,2,1,2,3,4,5,4,3,2,3,6,7,10,10,13,22,24,23,25,25,27,30,31,38,41,44,49,52,63,67,74,70,74,77,81,87,98,96,108,111,129,142,158,161,166,175,188,184,190,189,184,197,192,183,177,175,175,177,180,180,183,180,166,158,157,157,154,144,135,128,119,106,103,99,94,86,84,81,80,71,64,61,57,53,51,48,46,45,42,38,36,34,31,30,26,27,23,22,21,21,19,17,17,16,15,13,12,14,13,14,14,11,11,11,10,8,9,7,7,8,8,9,8,7,6,5,4,3,4,3,2,1,0
1,2,3,4,3,4,6,10,11,15,16,21,27,34,33,31,33,39,42,49,58,74,80,81,96,116,125,134,142,151,176,193,185,199,222,227,239,249,245,251,268,263,261,252,233,227,211,198,199,189,182,174,172,166,164,165,155,139,129,116,114,109,99,94,82,74,67,63,60,58,55,53,57,52,46,39,36,30,25,24,22,19,20,20,17,15,12,11,10,6,8,6,5,5,4,5,4,3,4,3,2,3,4,3,2,3,2,1,0
1,2,3,4,5,6,9,9,9,10,13,14,14,20,19,21,21,23,23,24,28,26,26,29,36,45,51,60,70,71,81,97,102,109,124,130,146,166,178,173,171,171,178,186,188,190,195,198,211,213,211,210,201,197,203,201,187,183,175,167,161,148,139,130,127,125,121,116,105,94,86,80,76,74,65,58,57,55,56,53,47,44,40,35,35,30,28,29,27,26,24,21,23,21,18,16,12,12,12,13,12,9,7,6,8,7,6,5,5,3,4,3,2,1,2,1,0
1,3,4,5,8,9,9,16,17,21,23,27,36,39,43,54,62,64,79,86,94,103,107,124,127,137,153,172,176,178,199,202,217,234,243,243,234,228,227,238,240,227,205,194,189,190,193,184,180,169,157,145,142,133,121,121,121,114,111,104,96,86,82,74,68,63,55,57,52,51,47,45,43,34,31,25,18,18,15,14,12,13,14,15,15,15,15,12,13,11,10,6,5,3,2,1,0
1,2,3,3,2,3,4,4,3,4,5,9,12,15,18,20,18,21,24,29,32,34,29,35,45,48,45,56,69,80,92,106,116,123,131,140,151,162,178,191,202,216,228,236,250,254,254,250,245,237,223,210,219,213,202,194,186,184,174,171,161,155,146,138,125,119,118,110,98,94,93,86,82,78,75,68,63,59,52,47,41,42,39,40,34,32,33,31,29,24,22,23,23,23,23,22,21,20,19,19,18,17,16,16,15,13,12,7,8,7,6,5,4,3,2,3,1,0
1,2,3,2,2,1,2,1,2,5,4,2,1,4,5,9,8,10,9,12,11,12,13,16,18,20,24,25,32,33,39,43,58,70,83,90,97,109,124,141,165,166,185,196,220,221,223,225,231,245,242,241,243,230,236,231,221,216,211,199,182,179,168,163,161,154,143,135,130,124,111,112,100,94,92,91,89,81,79,78,79,74,70,70,64,58,51,55,47,40,39,37,37,32,26,24,22,19,20,19,17,14,13,11,10,8,7,6,5,3,2,1,0
1,2,3,4,6,8,14,14,18,19,24,26,27,30,29,38,43,45,57,64,70,75,79,84,96,101,118,128,145,154,170,167,184,191,195,191,201,196,200,206,209,218,212,218,216,216,212,203,186,182,173,173,160,151,147,141,133,123,118,106,106,95,90,81,78,78,73,71,67,68,64,57,55,53,44,40,39,34,33,30,29,27,26,24,22,20,19,19,18,16,14,13,11,8,7,6,5,4,3,2,1,0
1,2,3,4,5,4,6,7,10,12,16,17,23,29,28,31,37,42,47,53,69,83,90,104,111,119,139,149,178,188,198,210,212,208,217,228,241,252,253,260,250,250,247,241,224,229,222,209,203,200,188,182,174,163,143,133,121,117,110,104,97,92,84,72,67,63,60,60,60,53,47,46,39,35,35,36,31,28,24,22,21,22,21,19,14,13,12,10,7,8,7,8,6,5,4,3,2,1,0
1,3,6,5,4,5,5,7,9,10,13,17,20,26,37,45,49,52,59,61,80,93,98,112,121,138,147,153,167,177,197,209,227,232,247,248,253,259,270,278,268,259,250,250,252,238,234,230,216,211,197,186,180,168,156,150,147,145,136,131,121,110,110,103,101,93,86,80,77,74,71,65,62,58,55,58,55,47,48,46,38,34,32,27,25,24,25,26,24,20,17,16,18,14,15,16,13,11,10,8,6,7,6,5,3,2,1,0
1,3,4,5,4,6,7,9,9,12,17,20,29,41,44,53,67,76,79,87,88,106,108,112,122,129,149,161,171,170,183,201,208,214,212,222,230,238,247,244,235,232,216,212,218,210,206,199,187,179,169,162,153,150,141,137,130,112,104,102,90,88,77,69,65,63,53,47,42,37,35,35,32,29,26,25,27,28,27,24,25,24,22,19,18,17,14,13,11,9,8,7,6,6,5,4,3,2,1,0
1,2,1,2,3,5,6,6,6,9,9,9,10,13,13,25,25,37,44,51,69,94,108,125,148,157,176,184,188,194,196,208,228,237,237,245,255,253,246,233,233,226,218,218,220,210,204,194,182,183,175,171,155,149,134,127,122,106,98,99,95,91,88,82,81,81,76,73,68,65,61,57,58,52,46,39,36,33,33,30,26,23,18,14,14,10,9,8,7,5,4,2,1,0
1,1,2,1,2,3,2,2,3,1,2,5,4,4,3,2,3,3,5,6,5,6,5,5,4,3,5,5,4,6,7,9,11,13,14,15,16,22,28,35,37,38,45,50,55,59,68,79,88,98,110,117,134,160,175,179,200,207,206,215,226,247,256,256,267,255,250,245,252,238,232,234,232,232,211,205,197,186,177,162,156,149,136,124,118,109,107,97,87,81,79,73,67,59,59,50,48,43,44,43,40,37,32,31,27,22,20,17,14,13,11,10,9,8,9,8,7,4,4,3,2,1,0
