City_EN,Prov_EN,T_C_0115,T_C_0116,T_C_0117,T_C_0118,T_C_0119,T_C_0120,T_C_0121,T_C_0122,T_C_0123,T_C_0124,T_C_0125,T_C_0126,T_C_0127,T_C_0128,T_C_0129,T_C_0130,T_C_0131,T_C_0201,T_C_0202,T_C_0203,T_C_0204,T_C_0205,T_C_0206,T_C_0207,T_C_0208,T_C_0209,T_C_0210,T_C_0211,T_C_0212,T_C_0213,T_C_0214,T_C_0215,T_C_0216,T_C_0217,T_C_0218,T_C_0219,T_C_0220,T_C_0221,T_C_0222,T_C_0223,T_C_0224,T_C_0225,T_C_0226,T_C_0227,T_C_0228,T_C_0229,T_C_0301,T_C_0302,T_C_0303,T_C_0304,T_C_0305,T_C_0306,T_C_0307,T_C_0308,T_C_0309,T_C_0310,T_C_0311,T_C_0312,T_C_0313,T_C_0314,T_C_0315,T_C_0316,T_C_0317,T_C_0318,T_C_0319,T_C_0320,T_C_0321,T_C_0322,T_C_0323,T_C_0324,T_C_0325,T_C_0326,T_C_0327,T_C_0328,T_C_0329,T_C_0330,T_C_0331,T_C_0401,T_C_0402,T_C_0403,T_C_0404,T_C_0405,T_C_0406,T_C_0407,T_C_0408,T_C_0409,T_C_0410,T_C_0411,T_C_0412,T_C_0413,T_C_0414,T_C_0415,T_C_0416,T_C_0417,T_C_0418,T_C_0419,T_C_0420,T_C_0421,T_C_0422,T_C_0423,T_C_0424,T_C_0425,T_C_0426,T_C_0427,T_C_0428,T_C_0429,T_C_0430,T_C_0501,T_C_0502,T_C_0503,T_C_0504,T_C_0505,T_C_0506,T_C_0507,T_C_0508,T_C_0509,T_C_0510,T_C_0511,T_C_0512,T_C_0513,T_C_0514,T_C_0515,T_C_0516,T_C_0517,T_C_0518,T_C_0519,T_C_0520,T_C_0521,T_C_0522,T_C_0523,T_C_0524,T_C_0525,T_C_0526,T_C_0527,T_C_0528,T_C_0529,T_C_0530,T_C_0531,T_C_0601,T_C_0602,T_C_0603,T_C_0604,T_C_0605,T_C_0606,T_C_0607,T_C_0608,T_C_0609,T_C_0610,T_C_0611,T_C_0612,T_C_0613,T_C_0614,T_C_0615,T_C_0616,T_C_0617,T_C_0618,T_C_0619,T_C_0620,T_C_0621,T_C_0622,T_C_0623,T_C_0624,T_C_0625,T_C_0626,T_C_0627,T_C_0628,T_C_0629,T_C_0630,T_C_0701,T_C_0702,T_C_0703,T_C_0704,T_C_0705,T_C_0706,T_C_0707,T_C_0708,T_C_0709,T_C_0710,T_C_0711,T_C_0712,T_C_0713,T_C_0714,T_C_0715,T_C_0716,T_C_0717,T_C_0718,T_C_0719,T_C_0720,T_C_0721,T_C_0722,T_C_0723,T_C_0724,T_C_0725,T_C_0726,T_C_0727,T_C_0728,T_C_0729,T_C_0730,T_C_0731,T_C_0801,T_C_0802,T_C_0803,T_C_0804,T_C_0805,T_C_0806,T_C_0807,T_C_0808,T_C_0809,T_C_0810,T_C_0811,T_C_0812,T_C_0813,T_C_0814,T_C_0815,T_C_0816
Tianjin,Tianjin,0,0,0,0,0,0,2,4,5,8,10,14,23,24,27,31,32,41,47,59,65,66,77,78,83,86,85,94,99,95,85,82,76,76,77,73,69,68,67,51,45,41,36,31,28,24,22,15,9,5,5,5,5,4,3,2,1,1,1,1,0,0,0,0,1,1,1,1,5,9,11,16,20,27,30,38,36,38,34,37,33,33,26,25,26,25,22,19,20,17,14,11,11,13,13,12,12,10,8,8,8,5,5,5,4,4,3,2,1,1,1,1,1,1,2,2,2,2,2,2,1,1,1,2,2,2,2,2,2,2,2,1,1,1,1,1,1,1,1,1,1,1,0,1,1,1,2,2,3,3,4,4,4,4,3,3,3,3,3,4,3,3,3,2,2,2,1,1,1,1,1,2,2,2,2,1,1,1,5,5,5,5,5,5,5,5,5,5,5,5,5,5,5,6,6,6,6,7,7,6,6,6,6,5,5,5,3,2,1,0,0,0,0,2,2
Haerbin,Heilongjiang,0,0,0,0,0,0,0,0,1,6,8,8,10,11,13,18,25,34,43,61,69,76,88,91,105,119,131,135,143,146,145,149,153,155,143,143,139,118,117,118,118,118,118,110,100,100,69,54,54,48,46,46,28,26,21,16,15,12,8,8,6,6,5,4,4,2,2,0,1,0,0,0,0,0,0,0,0,0,0,0,0,0,0,0,0,0,1,2,4,11,11,19,23,26,32,36,39,45,52,55,57,58,60,61,64,63,63,63,63,50,50,43,38,29,22,14,7,7,4,3,2,2,1,0,0,0,0,0,0,0,0,0,0,0,0,0,0,0,0,0,0,0,0,0,0,0,0,0,0,0,0,0,0,0,0,0,0,0,0,0,0,0,0,0,0,0,0,0,0,0,0,0,0,0,0,0,0,0,0,0,0,0,0,0,0,0,0,0,0,0,0,0,0,0,0,0,0,0,0,0,0,0,0,0,0,0,0,0,0,0,0,0,0,0,0
Nanjing,Jiangsu,0,0,0,0,0,0,0,0,3,4,7,7,10,14,19,25,26,33,38,42,43,41,44,50,51,56,62,65,66,65,64,63,60,60,58,55,46,41,41,41,36,36,35,35,35,35,30,25,19,13,10,4,1,0,0,0,0,0,0,0,0,0,0,0,0,0,0,0,0,0,0,0,0,0,0,0,0,0,0,0,0,0,0,0,0,0,0,0,0,0,0,0,0,0,0,0,0,0,0,0,0,0,0,0,0,0,0,0,0,0,0,0,0,0,0,0,0,0,0,0,0,0,0,0,0,0,0,0,0,0,0,0,0,0,0,0,0,0,0,0,0,0,0,0,0,0,0,0,0,0,0,0,0,0,0,0,0,0,0,0,0,0,0,0,0,0,0,0,0,0,0,0,0,0,0,0,0,0,0,0,0,0,0,0,0,0,0,0,0,0,0,0,0,0,0,0,0,0,0,0,0,0,0,0,0,0,0,0,0,0,0,0,0,0,0
Xuzhou,Jiangsu,0,0,0,0,0,0,0,0,0,0,0,3,8,8,15,20,23,30,36,39,45,42,46,49,53,52,53,56,55,59,57,55,51,37,37,28,24,21,16,13,12,12,10,8,8,8,8,8,8,6,6,6,3,3,3,1,1,0,0,0,0,0,0,0,0,0,0,0,0,0,0,0,0,0,0,0,0,0,0,0,0,0,0,0,0,0,0,0,0,0,0,0,0,0,0,0,0,0,0,0,0,0,0,0,0,0,0,0,0,0,0,0,0,0,0,0,0,0,0,0,0,0,0,0,0,0,0,0,0,0,0,0,0,0,0,0,0,0,0,0,0,0,0,0,0,0,0,0,0,0,0,0,0,0,0,0,0,0,0,0,0,0,0,0,0,0,0,0,0,0,0,0,0,0,0,0,0,0,0,0,0,0,0,0,0,0,0,0,0,0,0,0,0,0,0,0,0,0,0,0,0,0,0,0,0,0,0,0,0,0,0,0,0,0,0
Suzhou,Jiangsu,0,0,0,0,0,0,0,1,2,2,6,7,11,19,23,30,32,36,41,49,53,56,65,68,71,66,67,71,69,68,69,60,60,56,56,54,49,45,38,37,30,30,28,28,25,25,23,23,20,18,17,12,9,7,3,0,0,0,0,0,0,0,0,0,0,0,0,0,0,0,0,0,0,0,0,0,0,0,0,0,0,0,0,0,0,0,0,0,0,0,0,0,0,0,0,0,0,0,0,0,0,0,0,0,0,0,0,0,0,0,0,0,0,0,0,0,0,0,0,0,0,0,0,0,0,0,0,0,0,0,0,0,0,0,0,0,0,0,0,0,0,0,0,0,0,0,0,0,0,0,0,0,0,0,0,0,0,0,0,0,0,0,0,0,0,0,0,0,0,0,0,0,0,0,0,0,0,0,0,0,0,0,0,0,0,0,0,0,0,0,0,0,0,0,0,0,0,0,0,0,0,0,0,0,0,0,0,0,0,0,0,0,0,0,0
Huaiyin,Jiangsu,0,0,0,0,0,0,0,0,0,0,1,2,2,3,7,10,12,12,17,21,25,33,35,38,42,41,41,41,45,50,49,50,44,38,38,34,32,32,29,26,20,20,16,16,11,11,9,9,8,4,4,4,3,3,0,0,0,0,0,0,0,0,0,0,0,0,0,0,0,0,0,0,0,0,0,0,0,0,0,0,0,0,0,0,0,0,0,0,0,0,0,0,0,0,0,0,0,0,0,0,0,0,0,0,0,0,0,0,0,0,0,0,0,0,0,0,0,0,0,0,0,0,0,0,0,0,0,0,0,0,0,0,0,0,0,0,0,0,0,0,0,0,0,0,0,0,0,0,0,0,0,0,0,0,0,0,0,0,0,0,0,0,0,0,0,0,0,0,0,0,0,0,0,0,0,0,0,0,0,0,0,0,0,0,0,0,0,0,0,0,0,0,0,0,0,0,0,0,0,0,0,0,0,0,0,0,0,0,0,0,0,0,0,0,0
Hangzhou,Zhejiang,0,0,0,0,0,0,1,1,6,12,27,27,32,51,69,85,69,108,116,126,134,136,140,140,136,114,110,108,99,96,93,91,87,74,70,61,58,58,48,46,38,32,30,20,18,10,5,4,11,11,7,6,6,6,3,3,2,3,2,2,3,1,2,2,2,2,0,0,0,0,0,0,0,0,0,0,0,0,0,0,0,0,0,0,0,0,0,0,0,0,0,0,0,0,0,0,0,0,0,0,0,0,0,0,0,0,0,0,0,0,0,0,0,0,0,0,0,0,0,0,0,0,0,0,0,0,0,0,0,0,0,0,0,0,0,0,0,0,0,0,0,0,0,0,0,0,0,0,0,0,0,0,0,0,0,0,0,0,0,0,0,0,0,0,0,0,0,0,0,0,0,0,0,0,0,0,0,0,0,0,0,0,0,0,0,0,0,0,0,0,0,0,0,0,0,0,0,0,0,0,0,0,0,0,0,0,0,0,0,0,0,0,0,0,0
Ningbo,Zhejiang,0,0,0,0,0,0,0,3,5,6,13,13,17,20,41,46,41,65,74,101,116,120,127,129,133,134,133,129,122,118,108,102,94,88,83,65,56,54,51,47,43,34,35,21,17,11,9,8,6,3,3,2,2,2,0,0,0,0,0,0,0,0,0,0,0,0,0,0,0,0,0,0,0,0,0,0,0,0,0,0,0,0,0,0,0,0,0,0,0,0,0,0,0,0,0,0,0,0,0,0,0,0,0,0,0,0,0,0,0,0,0,0,0,0,0,0,0,0,0,0,0,0,0,0,0,0,0,0,0,0,0,0,0,0,0,0,0,0,0,0,0,0,0,0,0,0,0,0,0,0,0,0,0,0,0,0,0,0,0,0,0,0,0,0,0,0,0,0,0,0,0,0,0,0,0,0,0,0,0,0,0,0,0,0,0,0,0,0,0,0,0,0,0,0,0,0,0,0,0,0,0,0,0,0,0,0,0,0,0,0,0,0,0,0,0
Wenzhou,Zhejiang,0,0,0,0,0,0,2,4,0,9,17,31,59,111,169,220,169,255,276,323,336,368,385,389,378,386,375,374,370,356,340,333,321,310,296,276,258,235,223,211,197,186,149,119,98,71,56,47,43,25,21,16,16,14,10,4,4,2,2,2,2,0,0,0,0,1,0,0,0,0,0,0,0,0,0,0,0,0,0,0,0,0,0,0,0,0,0,0,0,0,0,0,0,0,0,0,0,0,0,0,0,0,0,0,0,0,0,0,0,0,0,0,0,0,0,0,0,0,0,0,0,0,0,0,0,0,0,0,0,0,0,0,0,0,0,0,0,0,0,0,0,0,0,0,0,0,0,0,0,0,0,0,0,0,0,0,0,0,0,0,0,0,0,0,0,0,0,0,0,0,0,0,0,0,0,0,0,0,0,0,0,0,0,0,0,0,0,0,0,0,0,0,0,0,0,0,0,0,0,0,0,0,0,0,0,0,0,0,0,0,0,0,0,0,0
Taizhou,Zhejiang,0,0,0,0,0,0,1,1,4,20,21,22,22,40,64,81,64,96,102,104,111,110,115,116,113,114,108,105,98,95,92,86,83,82,77,72,69,62,54,48,48,48,45,43,40,39,38,34,26,19,17,16,12,9,7,2,0,0,0,0,0,0,0,0,0,0,0,0,0,0,0,0,0,0,0,0,0,0,0,0,0,0,0,0,0,0,0,0,0,0,0,0,0,0,0,0,0,0,0,0,0,0,0,0,0,0,0,0,0,0,0,0,0,0,0,0,0,0,0,0,0,0,0,0,0,0,0,0,0,0,0,0,0,0,0,0,0,0,0,0,0,0,0,0,0,0,0,0,0,0,0,0,0,0,1,1,1,1,1,1,1,1,1,1,1,1,1,1,1,1,1,1,1,1,1,1,1,1,1,1,1,1,1,1,1,1,1,1,1,1,1,0,0,0,0,0,0,0,0,0,0,0,0,0,0,0,0,0,0,0,0,0,0,0,0
Hefei,Anhui,0,0,0,0,0,0,0,1,6,10,13,13,16,29,38,49,58,57,73,76,88,99,108,119,125,136,134,134,132,130,129,125,126,123,101,97,87,76,76,72,54,52,46,38,35,32,29,22,19,16,15,8,4,0,0,0,0,0,0,0,0,0,0,0,0,0,0,0,0,0,0,0,0,0,0,0,0,0,0,0,0,0,0,0,0,0,0,0,0,0,0,0,0,0,0,0,0,0,0,0,0,0,0,0,0,0,0,0,0,0,0,0,0,0,0,0,0,0,0,0,0,0,0,0,0,0,0,0,0,0,0,0,0,0,0,0,0,0,0,0,0,0,0,0,0,0,0,0,0,0,0,0,0,0,0,0,0,0,0,0,0,0,0,0,0,0,0,0,0,0,0,0,0,0,0,0,0,0,0,0,0,0,0,0,0,0,0,0,0,0,0,0,0,0,0,0,0,0,0,0,0,0,0,0,0,0,0,0,0,0,0,0,0,0,0
Bengbu,Anhui,0,0,0,0,0,0,0,0,1,1,1,3,3,3,8,15,16,26,37,43,48,64,88,98,113,122,129,136,140,141,141,143,142,134,124,115,99,99,74,54,42,42,36,28,19,14,11,9,7,0,0,0,0,0,0,0,0,0,0,0,0,0,0,0,0,0,0,0,0,0,0,0,0,0,0,0,0,0,0,0,0,0,0,0,0,0,0,0,0,0,0,0,0,0,0,0,0,0,0,0,0,0,0,0,0,0,0,0,0,0,0,0,0,0,0,0,0,0,0,0,0,0,0,0,0,0,0,0,0,0,0,0,0,0,0,0,0,0,0,0,0,0,0,0,0,0,0,0,0,0,0,0,0,0,0,0,0,0,0,0,0,0,0,0,0,0,0,0,0,0,0,0,0,0,0,0,0,0,0,0,0,0,0,0,0,0,0,0,0,0,0,0,0,0,0,0,0,0,0,0,0,0,0,0,0,0,0,0,0,0,0,0,0,0,0
Anqing,Anhui,0,0,0,0,0,0,0,0,1,4,5,8,8,14,18,18,37,43,47,55,53,57,63,65,69,66,65,65,65,52,50,49,49,49,44,39,30,28,22,18,14,14,9,4,3,3,1,1,1,0,0,0,0,0,0,0,0,0,0,0,0,0,0,0,0,0,0,0,0,0,0,0,0,0,0,0,0,0,0,0,0,0,0,0,0,0,0,0,0,0,0,0,0,0,0,0,0,0,0,0,0,0,0,0,0,0,0,0,0,0,0,0,0,0,0,0,0,0,0,0,0,0,0,0,0,0,0,0,0,0,0,0,0,0,0,0,0,0,0,0,0,0,0,0,0,0,0,0,0,0,0,0,0,0,0,0,0,0,0,0,0,0,0,0,0,0,0,0,0,0,0,0,0,0,0,0,0,0,0,0,0,0,0,0,0,0,0,0,0,0,0,0,0,0,0,0,0,0,0,0,0,0,0,0,0,0,0,0,0,0,0,0,0,0,0
Fuyang,Anhui,0,0,0,0,0,0,0,0,2,7,10,10,21,23,28,38,47,59,65,79,81,92,98,104,107,112,119,121,125,123,122,120,120,113,108,91,76,65,56,53,51,46,43,43,27,27,21,10,10,0,0,0,0,0,0,0,0,0,0,0,0,0,0,0,0,0,0,0,0,0,0,0,0,0,0,0,0,0,0,0,0,0,0,0,0,0,0,0,0,0,0,0,0,0,0,0,0,0,0,0,0,0,0,0,0,0,0,0,0,0,0,0,0,0,0,0,0,0,0,0,0,0,0,0,0,0,0,0,0,0,0,0,0,0,0,0,0,0,0,0,0,0,0,0,0,0,0,0,0,0,0,0,0,0,0,0,0,0,0,0,0,0,0,0,0,0,0,0,0,0,0,0,0,0,0,0,0,0,0,0,0,0,0,0,0,0,0,0,0,0,0,0,0,0,0,0,0,0,0,0,0,0,0,0,0,0,0,0,0,0,0,0,0,0,0
Liuan,Anhui,0,0,0,0,0,0,0,0,2,2,3,3,4,6,8,8,12,12,19,29,33,35,40,50,52,55,56,56,57,58,55,50,52,47,46,39,34,34,30,26,24,24,23,21,16,14,12,6,0,0,0,0,0,0,0,0,0,0,0,0,0,0,0,0,0,0,0,0,0,0,0,0,0,0,0,0,0,0,0,0,0,0,0,0,0,0,0,0,0,0,0,0,0,0,0,0,0,0,0,0,0,0,0,0,0,0,0,0,0,0,0,0,0,0,0,0,0,0,0,0,0,0,0,0,0,0,0,0,0,0,0,0,0,0,0,0,0,0,0,0,0,0,0,0,0,0,0,0,0,0,0,0,0,0,0,0,0,0,0,0,0,0,0,0,0,0,0,0,0,0,0,0,0,0,0,0,0,0,0,0,0,0,0,0,0,0,0,0,0,0,0,0,0,0,0,0,0,0,0,0,0,0,0,0,0,0,0,0,0,0,0,0,0,0,0
Bozhou,Anhui,0,0,0,0,0,0,0,0,1,4,6,6,8,15,19,19,24,28,37,46,56,64,67,76,82,87,85,90,88,90,88,73,73,73,61,50,43,38,35,28,27,21,19,9,9,8,5,1,1,1,0,0,0,0,0,0,0,0,0,0,0,0,0,0,0,0,0,0,0,0,0,0,0,0,0,0,0,0,0,0,0,0,0,0,0,0,0,0,0,0,0,0,0,0,0,0,0,0,0,0,0,0,0,0,0,0,0,0,0,0,0,0,0,0,0,0,0,0,0,0,0,0,0,0,0,0,0,0,0,0,0,0,0,0,0,0,0,0,0,0,0,0,0,0,0,0,0,0,0,0,0,0,0,0,0,0,0,0,0,0,0,0,0,0,0,0,0,0,0,0,0,0,0,0,0,0,0,0,0,0,0,0,0,0,0,0,0,0,0,0,0,0,0,0,0,0,0,0,0,0,0,0,0,0,0,0,0,0,0,0,0,0,0,0,0
Fuzhou,Fujian,0,0,0,0,0,0,0,1,1,5,6,13,18,24,30,32,39,44,47,53,55,56,57,50,49,53,51,51,49,51,48,48,46,45,43,38,35,24,21,17,14,9,5,4,2,1,1,1,1,1,0,0,0,0,0,0,0,0,0,0,0,0,0,0,0,0,0,0,0,0,0,0,0,0,0,0,0,0,0,0,0,0,0,0,0,0,0,0,0,0,0,0,0,0,0,0,0,0,0,0,0,0,0,0,0,0,0,0,0,0,0,0,0,0,0,0,0,0,0,0,0,0,0,0,0,0,0,0,0,0,0,0,0,0,0,0,0,0,0,0,0,0,0,0,0,0,0,0,0,0,0,0,0,0,0,0,0,0,0,0,0,0,0,0,0,0,0,0,0,0,0,0,0,0,0,0,0,0,0,0,0,0,0,0,0,0,0,0,0,0,0,0,0,0,0,0,0,0,0,0,0,0,0,0,0,0,0,0,0,0,0,0,0,0,0
Putian,Fujian,0,0,0,0,0,0,0,0,0,0,0,1,10,14,17,22,25,27,34,37,38,42,44,43,46,50,49,46,46,46,45,43,38,38,38,36,33,33,31,31,25,25,24,20,20,20,17,17,15,10,10,7,0,0,0,0,0,0,0,0,0,0,0,0,0,0,0,0,0,0,0,0,0,0,0,0,0,0,0,0,0,0,0,0,0,0,0,0,0,0,0,0,0,0,0,0,0,0,0,0,0,0,0,0,0,0,0,0,0,0,0,0,0,0,0,0,0,0,0,0,0,0,0,0,0,0,0,0,0,0,0,0,0,0,0,0,0,0,0,0,0,0,0,0,0,0,0,0,0,0,0,0,0,0,0,0,0,0,0,0,0,0,0,0,0,0,0,0,0,0,0,0,0,0,0,0,0,0,0,0,0,0,0,0,0,0,0,0,0,0,0,0,0,0,0,0,0,0,0,0,0,0,0,0,0,0,0,0,0,0,0,0,0,0,0
Nanchang,Jiangxi,0,0,0,0,0,0,0,1,2,3,4,8,17,25,46,66,82,88,99,117,127,139,148,148,152,154,149,151,149,149,150,152,139,134,116,96,84,84,67,51,48,45,42,36,32,28,23,18,14,12,11,8,7,5,5,3,1,0,0,0,0,0,0,0,0,0,0,0,0,0,0,0,0,0,0,0,0,0,0,0,0,0,0,0,0,0,0,0,0,0,0,0,0,0,0,0,0,0,0,0,0,0,0,0,0,0,0,0,0,0,0,0,0,0,0,0,0,0,0,0,0,0,0,0,0,0,0,0,0,0,0,0,0,0,0,0,0,0,0,0,0,0,0,0,0,0,0,0,0,0,0,0,0,0,0,0,0,0,0,0,0,0,0,0,0,0,0,0,0,0,0,0,0,0,0,0,0,0,0,0,0,0,0,0,0,0,0,0,0,0,0,0,0,0,0,0,0,0,0,0,0,0,0,0,0,0,0,0,0,0,0,0,0,0,0
Jiujiang,Jiangxi,0,0,0,0,0,0,0,0,1,2,2,4,9,16,31,42,43,55,62,76,84,89,91,92,94,94,88,91,95,98,97,95,95,88,85,74,71,71,71,67,61,56,47,38,27,24,24,21,20,17,10,8,6,6,5,3,1,0,0,0,0,0,0,0,0,0,0,0,0,0,0,0,0,0,0,0,0,0,0,0,0,0,0,0,0,0,0,0,0,0,0,0,0,0,0,0,0,0,0,0,0,0,0,0,0,0,0,0,0,0,0,0,0,0,0,0,0,0,0,0,0,0,0,0,0,0,0,0,0,0,0,0,0,0,0,0,0,0,0,0,0,0,0,0,0,0,0,0,0,0,0,0,0,0,0,0,0,0,0,0,0,0,0,0,0,0,0,0,0,0,0,0,0,0,0,0,0,0,0,0,0,0,0,0,0,0,0,0,0,0,0,0,0,0,0,0,0,0,0,0,0,0,0,0,0,0,0,0,0,0,0,0,0,0,0
Xinyu,Jiangxi,0,0,0,0,0,0,0,0,1,1,1,3,3,10,10,26,38,40,47,56,65,73,82,87,87,87,88,91,93,93,93,92,85,83,71,62,50,50,43,35,27,21,19,15,12,10,10,9,8,7,7,7,4,3,0,0,0,0,0,0,0,0,0,0,0,0,0,0,0,0,0,0,0,0,0,0,0,0,0,0,0,0,0,0,0,0,0,0,0,0,0,0,0,0,0,0,0,0,0,0,0,0,0,0,0,0,0,0,0,0,0,0,0,0,0,0,0,0,0,0,0,0,0,0,0,0,0,0,0,0,0,0,0,0,0,0,0,0,0,0,0,0,0,0,0,0,0,0,0,0,0,0,0,0,0,0,0,0,0,0,0,0,0,0,0,0,0,0,0,0,0,0,0,0,0,0,0,0,0,0,0,0,0,0,0,0,0,0,0,0,0,0,0,0,0,0,0,0,0,0,0,0,0,0,0,0,0,0,0,0,0,0,0,0,0
Ganzhou,Jiangxi,0,0,0,0,0,0,0,0,0,2,7,7,10,16,21,27,29,33,34,41,47,50,57,62,67,64,64,63,65,63,61,58,57,55,51,47,41,41,35,28,26,22,18,14,12,5,4,3,2,2,1,0,0,0,0,0,0,0,0,0,0,0,0,0,0,0,0,0,0,0,0,0,0,0,0,0,0,0,0,0,0,0,0,0,0,0,0,0,0,0,0,0,0,0,0,0,0,0,0,0,0,0,0,0,0,0,0,0,0,0,0,0,0,0,0,0,0,0,0,0,0,0,0,0,0,0,0,0,0,0,0,0,0,0,0,0,0,0,0,0,0,0,0,0,0,0,0,0,0,0,0,0,0,0,0,0,0,0,0,0,0,0,0,0,0,0,0,0,0,0,0,0,0,0,0,0,0,0,0,0,0,0,0,0,0,0,0,0,0,0,0,0,0,0,0,0,0,0,0,0,0,0,0,0,0,0,0,0,0,0,0,0,0,0,0
Yichun,Jiangxi,0,0,0,0,0,0,0,0,0,1,5,6,10,14,14,26,28,30,35,43,44,50,57,62,68,67,73,72,79,83,82,84,82,76,73,64,53,53,48,34,30,22,16,11,10,10,2,2,1,0,0,0,0,0,0,0,0,0,0,0,0,0,0,0,0,0,0,0,0,0,0,0,0,0,0,0,0,0,0,0,0,0,0,0,0,0,0,0,0,0,0,0,0,0,0,0,0,0,0,0,0,0,0,0,0,0,0,0,0,0,0,0,0,0,0,0,0,0,0,0,0,0,0,0,0,0,0,0,0,0,0,0,0,0,0,0,0,0,0,0,0,0,0,0,0,0,0,0,0,0,0,0,0,0,0,0,0,0,0,0,0,0,0,0,0,0,0,0,0,0,0,0,0,0,0,0,0,0,0,0,0,0,0,0,0,0,0,0,0,0,0,0,0,0,0,0,0,0,0,0,0,0,0,0,0,0,0,0,0,0,0,0,0,0,0
Fuzhou,Jiangxi,0,0,0,0,0,0,1,1,1,4,6,7,8,9,13,15,18,24,29,34,43,41,49,52,56,55,58,57,55,57,55,52,50,44,43,37,35,35,26,25,21,20,14,11,11,9,7,7,2,2,1,1,0,0,0,0,0,0,0,0,0,0,0,0,0,0,0,0,0,0,0,0,0,0,0,0,0,0,0,0,0,0,0,0,0,0,0,0,0,0,0,0,0,0,0,0,0,0,0,0,0,0,0,0,0,0,0,0,0,0,0,0,0,0,0,0,0,0,0,0,0,0,0,0,0,0,0,0,0,0,0,0,0,0,0,0,0,0,0,0,0,0,0,0,0,0,0,0,0,0,0,0,0,0,0,0,0,0,0,0,0,0,0,0,0,0,0,0,0,0,0,0,0,0,0,0,0,0,0,0,0,0,0,0,0,0,0,0,0,0,0,0,0,0,0,0,0,0,0,0,0,0,0,0,0,0,0,0,0,0,0,0,0,0,0
Shangrao,Jiangxi,0,0,0,0,0,0,0,0,0,2,6,6,7,9,11,11,15,18,28,46,64,73,81,87,91,91,98,101,102,104,103,92,88,84,76,68,59,59,48,35,33,26,22,22,14,12,12,7,3,2,1,1,1,1,1,1,0,0,0,0,0,0,0,0,0,0,0,0,0,0,0,0,0,0,0,0,0,0,0,0,0,0,0,0,0,0,0,0,0,0,0,0,0,0,0,0,0,0,0,0,0,0,0,0,0,0,0,0,0,0,0,0,0,0,0,0,0,0,0,0,0,0,0,0,0,0,0,0,0,0,0,0,0,0,0,0,0,0,0,0,0,0,0,0,0,0,0,0,0,0,0,0,0,0,0,0,0,0,0,0,0,0,0,0,0,0,0,0,0,0,0,0,0,0,0,0,0,0,0,0,0,0,0,0,0,0,0,0,0,0,0,0,0,0,0,0,0,0,0,0,0,0,0,0,0,0,0,0,0,0,0,0,0,0,0
Zhengzhou,Henan,0,0,0,0,0,0,1,2,3,6,20,29,37,40,46,50,56,65,72,85,92,102,112,95,95,99,96,95,94,88,82,82,79,81,79,79,65,59,59,59,59,39,34,31,27,23,16,11,8,6,0,0,0,0,0,0,0,0,0,0,0,0,0,0,0,0,0,0,0,0,0,0,0,0,0,0,0,0,0,0,0,0,0,0,0,0,0,0,0,0,0,0,0,0,0,0,0,0,0,0,0,0,0,0,0,0,0,0,0,0,0,0,0,0,0,0,0,0,0,0,0,0,0,0,0,0,0,0,0,0,0,0,0,0,0,0,0,0,0,0,0,0,0,0,0,0,0,0,0,0,0,0,0,0,0,0,0,0,0,0,0,0,0,0,0,0,0,0,0,0,0,0,0,0,0,0,0,0,0,0,0,0,0,0,0,0,0,0,0,0,0,0,0,0,0,0,0,0,0,0,0,0,0,0,0,0,0,0,0,0,0,0,0,0,0
Nanyang,Henan,0,0,0,0,0,0,0,0,0,8,14,18,25,30,50,60,65,61,83,98,106,110,117,120,115,116,106,104,107,99,103,97,95,88,88,87,87,88,47,38,28,23,23,24,14,4,4,4,4,4,2,2,2,1,1,1,0,0,0,0,0,0,0,0,0,0,0,0,0,0,0,0,0,0,0,0,0,0,0,0,0,0,0,0,0,0,0,0,0,0,0,0,0,0,0,0,0,0,0,0,0,0,0,0,0,0,0,0,0,0,0,0,0,0,0,0,0,0,0,0,0,0,0,0,0,0,0,0,0,0,0,0,0,0,0,0,0,0,0,0,0,0,0,0,0,0,0,0,0,0,0,0,0,0,0,0,0,0,0,0,0,0,0,0,0,0,0,0,0,0,0,0,0,0,0,0,0,0,0,0,0,0,0,0,0,0,0,0,0,0,0,0,0,0,0,0,0,0,0,0,0,0,0,0,0,0,0,0,0,0,0,0,0,0,0
Shangqiu,Henan,0,0,0,0,0,0,0,0,0,0,0,6,7,14,18,27,29,36,50,60,61,65,72,71,77,78,77,72,73,61,63,59,59,42,42,38,38,25,25,20,13,13,8,7,4,2,1,1,0,0,0,0,0,0,0,0,0,0,0,0,0,0,0,0,0,0,0,0,0,0,0,0,0,0,0,0,0,0,0,0,0,0,0,0,0,0,0,0,0,0,0,0,0,0,0,0,0,0,0,0,0,0,0,0,0,0,0,0,0,0,0,0,0,0,0,0,0,0,0,0,0,0,0,0,0,0,0,0,0,0,0,0,0,0,0,0,0,0,0,0,0,0,0,0,0,0,0,0,0,0,0,0,0,0,0,0,0,0,0,0,0,0,0,0,0,0,0,0,0,0,0,0,0,0,0,0,0,0,0,0,0,0,0,0,0,0,0,0,0,0,0,0,0,0,0,0,0,0,0,0,0,0,0,0,0,0,0,0,0,0,0,0,0,0,0
Xinyang,Henan,0,0,0,0,0,0,0,0,1,5,22,23,29,32,42,49,70,88,99,112,138,164,176,177,181,196,200,197,202,194,191,195,186,180,182,181,115,134,123,101,81,64,63,45,40,14,11,10,5,5,3,2,2,1,1,1,1,1,1,0,0,0,0,0,0,0,0,0,0,0,0,0,0,0,0,0,0,0,0,0,0,0,0,0,0,0,0,0,0,0,0,0,0,0,0,0,0,0,0,0,0,0,0,0,0,0,0,0,0,0,0,0,0,0,0,0,0,0,0,0,0,0,0,0,0,0,0,0,0,0,0,0,0,0,0,0,0,0,0,0,0,0,0,0,0,0,0,0,0,0,0,0,0,0,0,0,0,0,0,0,0,0,0,0,0,0,0,0,0,0,0,0,0,0,0,0,0,0,0,0,0,0,0,0,0,0,0,0,0,0,0,0,0,0,0,0,0,0,0,0,0,0,0,0,0,0,0,0,0,0,0,0,0,0,0
Zhoukou,Henan,0,0,0,0,0,0,0,0,1,4,5,11,15,19,25,36,38,40,47,52,56,59,60,52,52,55,49,49,48,49,45,46,46,46,44,42,42,42,28,27,25,25,20,20,11,11,6,6,5,3,3,1,1,0,0,1,0,0,0,0,0,0,0,0,0,0,0,0,0,0,0,0,0,0,0,0,0,0,0,0,0,0,0,0,0,0,0,0,0,0,0,0,0,0,0,0,0,0,0,0,0,0,0,0,0,0,0,0,0,0,0,0,0,0,0,0,0,0,0,0,0,0,0,0,0,0,0,0,0,0,0,0,0,0,0,0,0,0,0,0,0,0,0,0,0,0,0,0,0,0,0,0,0,0,0,0,0,0,0,0,0,0,0,0,0,0,0,0,0,0,0,0,0,0,0,0,0,0,0,0,0,0,0,0,0,0,0,0,0,0,0,0,0,0,0,0,0,0,0,0,0,0,0,0,0,0,0,0,0,0,0,0,0,0,0
Zhumadian,Henan,0,0,0,0,0,0,0,0,0,2,7,9,10,16,25,30,40,46,58,72,82,98,106,109,111,118,101,102,103,95,88,74,73,67,60,56,44,40,33,23,18,15,13,11,4,0,0,0,0,0,0,0,0,0,0,0,0,0,0,0,0,0,0,0,0,0,0,0,0,0,0,0,0,0,0,0,0,0,0,0,0,0,0,0,0,0,0,0,0,0,0,0,0,0,0,0,0,0,0,0,0,0,0,0,0,0,0,0,0,0,0,0,0,0,0,0,0,0,0,0,0,0,0,0,0,0,0,0,0,0,0,0,0,0,0,0,0,0,0,0,0,0,0,0,0,0,0,0,0,0,0,0,0,0,0,0,0,0,0,0,0,0,0,0,0,0,0,0,0,0,0,0,0,0,0,0,0,0,0,0,0,0,0,0,0,0,0,0,0,0,0,0,0,0,0,0,0,0,0,0,0,0,0,0,0,0,0,0,0,0,0,0,0,0,0
Huangshi,Hubei,0,0,0,0,0,0,0,0,0,0,30,35,52,85,112,167,207,249,324,395,490,539,602,658,705,735,748,772,789,795,797,782,762,750,696,642,608,610,541,520,484,409,377,356,322,291,283,250,227,195,153,120,96,95,81,68,58,56,37,34,29,27,16,14,13,10,5,4,4,4,2,1,0,0,0,0,0,0,0,0,0,0,0,0,0,0,0,0,0,0,0,0,0,0,0,0,0,0,0,0,0,0,0,0,0,0,0,0,0,0,0,0,0,0,0,0,0,0,0,0,0,0,0,0,0,0,0,0,0,0,0,0,0,0,0,0,0,0,0,0,0,0,0,0,0,0,0,0,0,0,0,0,0,0,0,0,0,0,0,0,0,0,0,0,0,0,0,0,0,0,0,0,0,0,0,0,0,0,0,0,0,0,0,0,0,0,0,0,0,0,0,0,0,0,0,0,0,0,0,0,0,0,0,0,0,0,0,0,0,0,0,0,0,0,0
Shiyan,Hubei,0,0,0,0,0,0,0,0,1,5,20,40,65,88,119,150,177,212,255,289,309,339,371,405,427,435,445,465,480,495,495,484,484,480,472,452,443,445,418,398,374,352,320,296,276,243,224,206,174,160,138,125,111,93,76,68,60,50,31,35,34,30,26,19,9,3,1,1,0,0,0,0,0,0,0,0,0,0,0,0,0,0,0,0,0,0,0,0,0,0,0,0,0,0,0,0,0,0,0,0,0,0,0,0,0,0,0,0,0,0,0,0,0,0,0,0,0,0,0,0,0,0,0,0,0,0,0,0,0,0,0,0,0,0,0,0,0,0,0,0,0,0,0,0,0,0,0,0,0,0,0,0,0,0,0,0,0,0,0,0,0,0,0,0,0,0,0,0,0,0,0,0,0,0,0,0,0,0,0,0,0,0,0,0,0,0,0,0,0,0,0,0,0,0,0,0,0,0,0,0,0,0,0,0,0,0,0,0,0,0,0,0,0,0,0
Yichang,Hubei,0,0,0,0,0,0,0,0,0,0,19,30,50,62,116,166,275,352,390,447,483,548,592,601,667,698,712,714,727,783,799,740,715,694,674,633,617,636,612,599,591,550,535,503,471,437,394,364,316,290,259,214,191,170,144,124,96,61,48,37,31,27,22,14,13,9,4,4,3,3,2,2,1,1,1,1,1,1,1,1,1,1,1,1,1,1,1,1,1,1,1,0,0,0,0,0,0,0,0,0,0,0,0,0,0,0,0,0,0,0,0,0,0,0,0,0,0,0,0,0,0,0,0,0,0,0,0,0,0,0,0,0,0,0,0,0,0,0,0,0,0,0,0,0,0,0,0,0,0,0,0,0,0,0,0,0,0,0,0,0,0,0,0,0,0,0,0,0,0,0,0,0,0,0,0,0,0,0,0,0,0,0,0,0,0,0,0,0,0,0,0,0,0,0,0,0,0,0,0,0,0,0,0,0,0,0,0,0,0,0,0,0,0,0,0
Xiangfan,Hubei,0,0,0,0,0,0,0,0,0,0,2,36,70,131,163,286,347,441,548,630,726,775,806,871,941,968,1002,1016,1022,1022,1025,1011,984,960,913,850,803,804,745,682,624,552,492,443,390,340,291,256,228,201,160,129,99,82,73,65,43,32,25,22,12,9,8,6,5,5,5,5,2,2,2,2,1,1,1,1,1,1,1,1,1,1,1,1,1,1,1,0,0,0,0,0,0,0,0,0,0,0,0,0,0,0,0,0,0,0,0,0,0,0,0,0,0,0,0,0,0,0,0,0,0,0,0,0,0,0,0,0,0,0,0,0,0,0,0,0,0,0,0,0,0,0,0,0,0,0,0,0,0,0,0,0,0,0,0,0,0,0,0,0,0,0,0,0,0,0,0,0,0,0,0,0,0,0,0,0,0,0,0,0,0,0,0,0,0,0,0,0,0,0,0,0,0,0,0,0,0,0,0,0,0,0,0,0,0,0,0,0,0,0,0,0,0,0,0
Ezhou,Hubei,0,0,0,0,0,0,0,0,0,1,0,20,57,83,121,183,218,265,289,312,358,397,444,538,576,653,703,761,940,977,960,974,995,1038,1005,950,929,959,950,922,873,842,803,734,661,599,560,529,503,463,424,411,384,352,310,261,213,163,155,125,65,62,52,47,38,33,21,16,9,8,7,5,3,3,3,2,0,0,0,0,0,0,0,0,0,0,0,0,0,0,0,0,0,0,0,0,0,0,0,0,0,0,0,0,0,0,0,0,0,0,0,0,0,0,0,0,0,0,0,0,0,0,0,0,0,0,0,0,0,0,0,0,0,0,0,0,0,0,0,0,0,0,0,0,0,0,0,0,0,0,0,0,0,0,0,0,0,0,0,0,0,0,0,0,0,0,0,0,0,0,0,0,0,0,0,0,0,0,0,0,0,0,0,0,0,0,0,0,0,0,0,0,0,0,0,0,0,0,0,0,0,0,0,0,0,0,0,0,0,0,0,0,0,0,0
Jingmen,Hubei,0,0,0,0,0,0,0,1,8,21,37,87,111,138,187,222,240,319,328,380,390,483,512,534,596,558,566,591,811,771,762,762,750,724,687,559,534,646,581,520,494,451,416,378,353,324,284,266,238,225,203,187,160,146,122,100,72,55,50,29,25,24,21,19,18,14,8,5,5,4,3,3,2,1,1,1,1,0,0,0,0,0,0,0,0,0,0,0,0,0,0,0,0,0,0,0,0,0,0,0,0,0,0,0,0,0,0,0,0,0,0,0,0,0,0,0,0,0,0,0,0,0,0,0,0,0,0,0,0,0,0,0,0,0,0,0,0,0,0,0,0,0,0,0,0,0,0,0,0,0,0,0,0,0,0,0,0,0,0,0,0,0,0,0,0,0,0,0,0,0,0,0,0,0,0,0,0,0,0,0,0,0,0,0,0,0,0,0,0,0,0,0,0,0,0,0,0,0,0,0,0,0,0,0,0,0,0,0,0,0,0,0,0,0,0
Xiaogan,Hubei,0,0,0,0,0,0,0,0,22,26,55,99,172,271,393,530,614,733,902,1101,1438,1852,2091,2249,2362,2427,2462,2527,2618,2697,2739,2783,2760,2722,2690,2567,2481,2562,2414,2263,2180,2044,2000,1778,1574,1356,1185,1001,838,685,576,484,423,369,335,281,243,213,188,155,139,125,113,93,66,41,30,24,21,14,10,7,4,1,1,1,1,1,1,1,1,1,0,0,0,0,0,0,0,0,0,0,0,0,0,0,0,0,0,0,0,0,0,0,0,0,0,0,0,0,0,0,0,0,0,0,0,0,0,0,0,0,0,0,0,0,0,0,0,0,0,0,0,0,0,0,0,0,0,0,0,0,0,0,0,0,0,0,0,0,0,0,0,0,0,0,0,0,0,0,0,0,0,0,0,0,0,0,0,0,0,0,0,0,0,0,0,0,0,0,0,0,0,0,0,0,0,0,0,0,0,0,0,0,0,0,0,0,0,0,0,0,0,0,0,0,0,0,0,0,0,0,0,0,0
Jingzhou,Hubei,0,0,0,0,0,0,0,6,8,10,31,45,69,98,148,217,283,327,489,600,694,773,853,900,950,985,1003,1010,1307,1262,1254,1191,1159,1160,1094,1019,946,989,914,852,798,758,711,657,620,568,499,436,388,317,263,206,182,155,121,100,89,79,67,56,47,38,32,31,28,13,4,4,4,3,2,1,1,0,0,0,0,0,0,0,0,0,0,0,0,0,0,0,0,0,0,0,0,0,0,0,0,0,0,0,0,0,0,0,0,0,0,0,0,0,0,0,0,0,0,0,0,0,0,0,0,0,0,0,0,0,0,0,0,0,0,0,0,0,0,0,0,0,0,0,0,0,0,0,0,0,0,0,0,0,0,0,0,0,0,0,0,0,0,0,0,0,0,0,0,0,0,0,0,0,0,0,0,0,0,0,0,0,0,0,0,0,0,0,0,0,0,0,0,0,0,0,0,0,0,0,0,0,0,0,0,0,0,0,0,0,0,0,0,0,0,0,0,0,0
Huanggang,Hubei,0,0,0,0,0,12,0,12,12,64,118,148,209,317,484,555,706,960,1197,1371,1568,1716,1797,1900,1961,2018,2001,2006,2177,2228,2138,2032,1915,1803,1700,1603,1492,1519,1396,1266,1142,1018,945,842,749,670,619,529,445,380,314,258,200,150,141,122,98,74,60,52,44,32,17,0,0,0,0,0,0,0,0,0,0,0,0,0,0,0,0,0,0,0,0,0,0,0,0,0,0,0,0,0,0,0,0,0,0,0,0,0,0,0,0,0,0,0,0,0,0,0,0,0,0,0,0,0,0,0,0,0,0,0,0,0,0,0,0,0,0,0,0,0,0,0,0,0,0,0,0,0,0,0,0,0,0,0,0,0,0,0,0,0,0,0,0,0,0,0,0,0,0,0,0,0,0,0,0,0,0,0,0,0,0,0,0,0,0,0,0,0,0,0,0,0,0,0,0,0,0,0,0,0,0,0,0,0,0,0,0,0,0,0,0,0,0,0,0,0,0,0,0,0,0,0,0
Xianning,Hubei,0,0,0,0,0,0,0,0,0,0,43,64,91,112,130,166,206,245,295,347,382,395,436,462,466,459,459,454,443,625,705,692,670,654,597,488,443,511,464,427,380,321,265,213,181,148,132,89,75,63,46,36,28,21,16,14,10,10,6,4,3,3,0,0,0,0,0,0,0,0,0,0,0,0,0,0,0,0,0,0,0,0,0,0,0,0,0,0,0,0,0,0,0,0,0,0,0,0,0,0,0,0,0,0,0,0,0,0,0,0,0,0,0,0,0,0,0,0,0,0,0,0,0,0,0,0,0,0,0,0,0,0,0,0,0,0,0,0,0,0,0,0,0,0,0,0,0,0,0,0,0,0,0,0,0,0,0,0,0,0,0,0,0,0,0,0,0,0,0,0,0,0,0,0,0,0,0,0,0,0,0,0,0,0,0,0,0,0,0,0,0,0,0,0,0,0,0,0,0,0,0,0,0,0,0,0,0,0,0,0,0,0,0,0,0
Suizhou,Hubei,0,0,0,0,0,0,0,0,0,5,36,52,70,116,143,228,303,378,450,632,689,816,897,921,952,1016,1057,1066,1084,1118,1117,1119,1103,1055,1000,948,873,878,824,772,719,668,617,577,529,470,432,402,372,328,290,255,216,187,159,137,112,95,81,70,49,41,41,40,36,26,20,10,9,4,2,0,0,0,0,0,0,0,0,0,0,0,0,0,0,0,0,0,0,0,0,0,0,0,0,0,0,0,0,0,0,0,0,0,0,0,0,0,0,0,0,0,0,0,0,0,0,0,0,0,0,0,0,0,0,0,0,0,0,0,0,0,0,0,0,0,0,0,0,0,0,0,0,0,0,0,0,0,0,0,0,0,0,0,0,0,0,0,0,0,0,0,0,0,0,0,0,0,0,0,0,0,0,0,0,0,0,0,0,0,0,0,0,0,0,0,0,0,0,0,0,0,0,0,0,0,0,0,0,0,0,0,0,0,0,0,0,0,0,0,0,0,0,0,0
Changsha,Hunan,0,0,0,0,0,0,1,1,8,8,18,22,24,46,57,67,85,111,123,146,158,171,180,177,178,180,180,175,171,175,175,167,152,147,141,130,115,115,110,99,97,88,81,76,68,66,62,55,54,48,39,33,31,27,24,16,11,8,4,0,0,0,0,0,0,0,0,0,0,0,0,0,0,0,0,0,0,0,0,0,0,0,0,0,0,0,0,0,0,0,0,0,0,0,0,0,0,0,0,0,0,0,0,0,0,0,0,0,0,0,0,0,0,0,0,0,0,0,0,0,0,0,0,0,0,0,0,0,0,0,0,0,0,0,0,0,0,0,0,0,0,0,0,0,0,0,0,0,0,0,0,0,0,0,0,0,0,0,0,0,0,0,0,0,0,0,0,0,0,0,0,0,0,0,0,0,0,0,0,0,0,0,0,0,0,0,0,0,0,0,0,0,0,0,0,0,0,0,0,0,0,0,0,0,0,0,0,0,0,0,0,0,0,0,0
Zhuzhou,Hunan,0,0,0,0,0,0,0,0,1,1,3,5,7,13,18,19,22,25,25,33,36,39,39,40,49,51,57,59,61,56,55,49,45,43,41,38,32,32,32,30,28,26,26,24,18,18,11,11,10,7,7,6,6,4,4,3,3,2,1,0,0,0,0,0,0,0,0,0,0,0,0,0,0,0,0,0,0,0,0,0,0,0,0,0,0,0,0,0,0,0,0,0,0,0,0,0,0,0,0,0,0,0,0,0,0,0,0,0,0,0,0,0,0,0,0,0,0,0,0,0,0,0,0,0,0,0,0,0,0,0,0,0,0,0,0,0,0,0,0,0,0,0,0,0,0,0,0,0,0,0,0,0,0,0,0,0,0,0,0,0,0,0,0,0,0,0,0,0,0,0,0,0,0,0,0,0,0,0,0,0,0,0,0,0,0,0,0,0,0,0,0,0,0,0,0,0,0,0,0,0,0,0,0,0,0,0,0,0,0,0,0,0,0,0,0
Shaoyang,Hunan,0,0,0,0,0,0,0,0,0,2,2,8,11,19,29,36,41,49,50,54,66,71,74,75,69,68,69,68,65,58,49,41,36,33,31,30,23,20,15,13,13,11,11,9,6,6,2,2,1,1,1,1,1,1,1,1,1,1,1,0,0,0,0,0,0,0,0,0,0,0,0,0,0,0,0,0,0,0,0,0,0,0,0,0,0,0,0,0,0,0,0,0,0,0,0,0,0,0,0,0,0,0,0,0,0,0,0,0,0,0,0,0,0,0,0,0,0,0,0,0,0,0,0,0,0,0,0,0,0,0,0,0,0,0,0,0,0,0,0,0,0,0,0,0,0,0,0,0,0,0,0,0,0,0,0,0,0,0,0,0,0,0,0,0,0,0,0,0,0,0,0,0,0,0,0,0,0,0,0,0,0,0,0,0,0,0,0,0,0,0,0,0,0,0,0,0,0,0,0,0,0,0,0,0,0,0,0,0,0,0,0,0,0,0,0
Yueyang,Hunan,0,0,0,0,0,0,0,0,3,5,6,7,17,26,29,37,45,53,70,83,89,91,103,105,104,106,112,121,105,104,104,102,99,91,90,91,83,79,68,64,64,49,49,44,41,40,39,31,25,25,17,11,10,9,4,2,2,2,2,0,0,0,0,0,0,0,0,0,0,0,0,0,0,0,0,0,0,0,0,0,0,0,0,0,0,0,0,0,0,0,0,0,0,0,0,0,0,0,0,0,0,0,0,0,0,0,0,0,0,0,0,0,0,0,0,0,0,0,0,0,0,0,0,0,0,0,0,0,0,0,0,0,0,0,0,0,0,0,0,0,0,0,0,0,0,0,0,0,0,0,0,0,0,0,0,0,0,0,0,0,0,0,0,0,0,0,0,0,0,0,0,0,0,0,0,0,0,0,0,0,0,0,0,0,0,0,0,0,0,0,0,0,0,0,0,0,0,0,0,0,0,0,0,0,0,0,0,0,0,0,0,0,0,0,0
Changde,Hunan,0,0,0,0,0,0,0,0,0,3,7,12,19,26,30,37,39,42,45,50,53,59,50,52,51,57,58,57,53,52,51,51,48,45,36,30,28,22,20,21,20,16,15,13,10,10,10,8,2,2,2,0,0,0,0,0,0,0,0,0,0,0,0,0,0,0,0,0,0,0,0,0,0,0,0,0,0,0,0,0,0,0,0,0,0,0,0,0,0,0,0,0,0,0,0,0,0,0,0,0,0,0,0,0,0,0,0,0,0,0,0,0,0,0,0,0,0,0,0,0,0,0,0,0,0,0,0,0,0,0,0,0,0,0,0,0,0,0,0,0,0,0,0,0,0,0,0,0,0,0,0,0,0,0,0,0,0,0,0,0,0,0,0,0,0,0,0,0,0,0,0,0,0,0,0,0,0,0,0,0,0,0,0,0,0,0,0,0,0,0,0,0,0,0,0,0,0,0,0,0,0,0,0,0,0,0,0,0,0,0,0,0,0,0,0
Loudi,Hunan,0,0,0,0,0,0,0,0,3,5,5,7,9,13,16,20,26,29,34,38,42,48,49,55,56,58,57,51,50,48,46,41,41,41,29,25,22,22,21,22,21,20,19,18,16,16,14,14,10,9,8,6,5,5,2,2,2,2,1,0,0,0,0,0,0,0,0,0,0,0,0,0,0,0,0,0,0,0,0,0,0,0,0,0,0,0,0,0,0,0,0,0,0,0,0,0,0,0,0,0,0,0,0,0,0,0,0,0,0,0,0,0,0,0,0,0,0,0,0,0,0,0,0,0,0,0,0,0,0,0,0,0,0,0,0,0,0,0,0,0,0,0,0,0,0,0,0,0,0,0,0,0,0,0,0,0,0,0,0,0,0,0,0,0,0,0,0,0,0,0,0,0,0,0,0,0,0,0,0,0,0,0,0,0,0,0,0,0,0,0,0,0,0,0,0,0,0,0,0,0,0,0,0,0,0,0,0,0,0,0,0,0,0,0,0
Zhuhai,Guangdong,0,0,0,0,0,3,4,4,8,10,10,12,12,14,18,26,38,41,51,64,69,73,73,78,79,81,82,83,68,64,68,62,60,57,54,52,52,48,45,45,43,41,38,36,34,26,22,17,16,15,14,7,2,2,2,0,0,0,0,0,0,0,0,0,0,1,2,3,3,3,3,3,4,4,5,5,5,5,5,5,5,4,4,4,4,4,3,3,3,3,3,3,3,3,2,2,2,2,2,2,0,0,0,0,0,0,0,0,0,0,0,0,0,0,0,0,0,0,0,0,0,0,0,0,0,0,0,0,0,0,0,0,0,0,0,0,0,0,0,0,0,0,0,0,0,0,0,0,0,0,0,0,0,0,0,0,0,0,0,0,0,0,0,0,0,0,0,0,0,0,0,0,0,0,0,0,0,0,0,0,0,0,0,0,0,2,2,2,2,2,2,2,2,2,2,2,2,2,2,2,2,2,2,2,2,2,2,1,1,1,6,6,6,6,6
Huizhou,Guangdong,0,0,0,0,0,1,1,1,5,7,8,8,11,12,17,17,20,23,28,29,31,35,39,40,46,49,49,50,51,42,40,32,32,25,26,24,24,24,16,16,16,13,10,10,7,4,2,2,0,0,0,0,0,0,0,0,0,0,0,0,0,0,0,0,0,0,0,0,0,0,0,0,0,0,0,0,0,0,0,0,0,0,0,0,0,0,0,0,0,0,0,0,0,0,0,0,0,0,0,0,0,0,0,0,0,0,0,0,0,0,0,0,0,0,0,0,0,0,0,0,0,0,0,0,0,0,0,0,0,0,0,0,0,0,0,0,0,0,0,0,0,0,0,0,0,0,0,0,0,0,0,0,0,0,0,0,0,0,0,0,0,0,0,0,0,0,0,0,0,0,0,0,0,0,0,0,0,0,0,0,0,0,0,0,0,0,0,0,0,0,0,0,0,0,0,0,0,0,0,0,0,0,0,0,0,0,0,0,0,0,0,0,0,0,0
Dongguan,Guangdong,0,0,0,0,0,0,0,0,0,1,2,2,2,7,7,16,21,27,31,37,44,47,53,55,57,59,59,60,63,66,73,81,76,71,66,67,66,66,61,62,55,56,56,49,42,35,32,24,16,12,10,4,3,2,3,3,3,3,3,2,2,2,2,1,1,1,0,0,0,0,0,0,0,0,0,0,0,0,0,0,0,0,0,0,0,0,0,0,0,0,0,0,0,0,0,0,0,0,0,0,0,0,0,0,0,0,0,0,0,0,0,0,0,0,0,0,0,0,0,0,0,0,0,0,0,0,0,0,0,0,0,0,0,0,0,0,0,0,0,0,0,0,0,0,0,0,0,0,0,0,0,0,0,0,0,0,0,0,0,0,0,0,0,0,0,0,0,0,0,0,0,0,0,0,0,0,0,0,0,0,0,0,0,0,0,0,0,0,0,0,0,0,0,0,0,0,0,0,0,0,0,0,0,0,0,0,0,0,0,0,0,0,0,0,0
Chongqing,Chongqing,0,0,0,0,0,0,5,9,27,57,75,110,132,147,164,205,236,258,291,326,350,372,385,393,405,415,418,423,413,397,380,355,339,323,296,281,262,250,239,234,221,198,186,169,148,132,120,101,80,68,58,57,44,43,28,23,16,6,4,4,0,0,0,0,0,0,0,1,2,2,2,2,2,3,3,3,3,3,3,3,3,3,3,3,3,3,3,3,3,3,3,3,3,3,3,3,3,3,3,0,0,0,0,0,0,0,0,0,0,0,0,0,0,0,0,0,0,0,0,0,0,0,0,0,0,0,0,0,0,0,0,0,0,0,0,0,0,0,0,0,0,0,0,0,0,0,0,0,0,0,0,1,3,3,3,3,3,3,3,3,3,3,3,3,3,3,3,3,3,3,2,2,2,2,2,2,1,1,1,1,1,1,1,1,1,1,1,1,1,1,1,1,1,1,1,1,0,0,0,0,0,0,0,0,0,0,0,0,0,0,0,0,0,0,0
Xian,Shaanxi,0,0,0,0,0,0,0,2,2,0,0,12,15,18,22,32,39,47,54,60,70,74,75,79,86,88,94,98,99,97,93,89,85,80,78,75,72,61,48,41,35,29,27,27,27,19,18,15,15,13,11,11,11,11,11,11,9,8,8,8,8,8,4,3,3,3,3,3,3,3,2,0,0,0,0,0,0,0,0,0,0,0,0,0,0,0,0,0,0,0,0,0,0,0,0,0,0,0,0,0,0,0,0,0,0,0,0,0,0,0,0,0,0,0,0,0,0,0,0,0,0,0,0,0,0,0,0,0,0,0,0,0,0,0,0,0,0,0,0,0,0,0,0,0,0,0,0,0,0,0,0,0,0,0,0,0,0,0,0,0,0,0,0,0,0,0,0,0,0,0,0,0,0,0,0,0,0,0,0,0,0,0,0,0,0,0,0,0,0,0,0,0,0,0,0,0,0,0,0,0,0,0,0,0,0,0,0,0,0,0,0,0,0,0,0
